,'Til There Was You (1997),9.0
0,1-900 (1994),5.0
1,101 Dalmatians (1996),109.0
2,12 Angry Men (1957),125.0
3,187 (1997),41.0
4,2 Days in the Valley (1996),93.0
5,"20,000 Leagues Under the Sea (1954)",72.0
6,2001: A Space Odyssey (1968),259.0
7,3 Ninjas: High Noon At Mega Mountain (1998),5.0
8,"39 Steps, The (1935)",59.0
9,8 1/2 (1963),38.0
10,8 Heads in a Duffel Bag (1997),4.0
11,8 Seconds (1994),4.0
12,A Chef in Love (1996),8.0
13,Above the Rim (1994),5.0
14,Absolute Power (1997),127.0
15,"Abyss, The (1989)",151.0
16,Ace Ventura: Pet Detective (1994),103.0
17,Ace Ventura: When Nature Calls (1995),37.0
18,Across the Sea of Time (1995),4.0
19,Addams Family Values (1993),87.0
20,Addicted to Love (1997),54.0
21,"Addiction, The (1995)",11.0
22,"Adventures of Pinocchio, The (1996)",39.0
23,"Adventures of Priscilla, Queen of the Desert, The (1994)",111.0
24,"Adventures of Robin Hood, The (1938)",67.0
25,"Affair to Remember, An (1957)",26.0
26,"African Queen, The (1951)",152.0
27,Afterglow (1997),18.0
28,"Age of Innocence, The (1993)",65.0
29,Aiqing wansui (1994),1.0
30,Air Bud (1997),43.0
31,Air Force One (1997),431.0
32,"Air Up There, The (1994)",16.0
33,Airheads (1994),32.0
34,Akira (1988),50.0
35,Aladdin (1992),219.0
36,Aladdin and the King of Thieves (1996),26.0
37,Alaska (1996),13.0
38,Albino Alligator (1996),6.0
39,Alice in Wonderland (1951),81.0
40,Alien (1979),291.0
41,Alien 3 (1992),100.0
42,Alien: Resurrection (1997),124.0
43,Aliens (1986),284.0
44,All About Eve (1950),66.0
45,All Dogs Go to Heaven 2 (1996),15.0
46,All Over Me (1997),3.0
47,All Things Fair (1996),1.0
48,Alphaville (1965),12.0
49,Amadeus (1984),276.0
50,Amateur (1994),18.0
51,"Amazing Panda Adventure, The (1995)",10.0
52,American Buffalo (1996),11.0
53,American Dream (1990),2.0
54,"American President, The (1995)",164.0
55,American Strays (1996),2.0
56,"American Werewolf in London, An (1981)",99.0
57,"American in Paris, An (1951)",50.0
58,Amistad (1997),124.0
59,Amityville 1992: It's About Time (1992),5.0
60,Amityville 3-D (1983),6.0
61,"Amityville Curse, The (1990)",4.0
62,"Amityville Horror, The (1979)",53.0
63,Amityville II: The Possession (1982),14.0
64,Amityville: A New Generation (1993),5.0
65,Amityville: Dollhouse (1996),3.0
66,Amos & Andrew (1993),19.0
67,An Unforgettable Summer (1994),4.0
68,Anaconda (1997),38.0
69,Anastasia (1997),66.0
70,Andre (1994),18.0
71,Angel Baby (1995),4.0
72,Angel and the Badman (1947),6.0
73,Angel on My Shoulder (1946),1.0
74,Angela (1995),1.0
75,Angels and Insects (1995),72.0
76,Angels in the Outfield (1994),39.0
77,Angus (1995),14.0
78,Anna (1996),2.0
79,Anna Karenina (1997),33.0
80,Anne Frank Remembered (1995),21.0
81,Annie Hall (1977),180.0
82,Another Stakeout (1993),28.0
83,Antonia's Line (1995),69.0
84,Aparajito (1956),7.0
85,"Apartment, The (1960)",63.0
86,Apocalypse Now (1979),221.0
87,Apollo 13 (1995),276.0
88,"Apostle, The (1997)",55.0
89,"Apple Dumpling Gang, The (1975)",25.0
90,April Fool's Day (1986),15.0
91,Apt Pupil (1998),160.0
92,"Aristocats, The (1970)",54.0
93,Army of Darkness (1993),116.0
94,Around the World in 80 Days (1956),59.0
95,"Arrival, The (1996)",83.0
96,Arsenic and Old Lace (1944),115.0
97,As Good As It Gets (1997),112.0
98,Assassins (1995),39.0
99,"Assignment, The (1997)",18.0
100,"Associate, The (1996)",41.0
101,Audrey Rose (1977),12.0
102,August (1996),1.0
103,Austin Powers: International Man of Mystery (1997),130.0
104,"Awfully Big Adventure, An (1995)",8.0
105,Ayn Rand: A Sense of Life (1997),7.0
106,B*A*P*S (1997),3.0
107,B. Monkey (1998),1.0
108,Babe (1995),219.0
109,"Baby-Sitters Club, The (1995)",10.0
110,Babyfever (1994),2.0
111,"Babysitter, The (1995)",3.0
112,Back to the Future (1985),350.0
113,Backbeat (1993),19.0
114,Bad Boys (1995),57.0
115,Bad Company (1995),9.0
116,Bad Girls (1994),6.0
117,Bad Moon (1996),6.0
118,Bad Taste (1987),16.0
119,"Ballad of Narayama, The (Narayama Bushiko) (1958)",4.0
120,Balto (1995),16.0
121,Bananas (1971),57.0
122,"Band Wagon, The (1953)",9.0
123,Barb Wire (1996),30.0
124,Barbarella (1968),28.0
125,Barcelona (1994),53.0
126,Basic Instinct (1992),101.0
127,"Basketball Diaries, The (1995)",40.0
128,Basquiat (1996),44.0
129,Bastard Out of Carolina (1996),16.0
130,Batman & Robin (1997),62.0
131,Batman (1989),201.0
132,Batman Forever (1995),114.0
133,Batman Returns (1992),142.0
134,Baton Rouge (1988),1.0
135,Bean (1997),91.0
136,"Beans of Egypt, Maine, The (1994)",2.0
137,Beat the Devil (1954),7.0
138,"Beautician and the Beast, The (1997)",86.0
139,Beautiful Girls (1996),115.0
140,Beautiful Thing (1996),29.0
141,Beauty and the Beast (1991),202.0
142,Beavis and Butt-head Do America (1996),156.0
143,Bed of Roses (1996),60.0
144,Bedknobs and Broomsticks (1971),57.0
145,Before Sunrise (1995),49.0
146,Before and After (1996),26.0
147,Before the Rain (Pred dozhdot) (1994),10.0
148,Being Human (1993),4.0
149,Being There (1979),116.0
150,"Believers, The (1987)",16.0
151,Belle de jour (1967),37.0
152,Ben-Hur (1959),124.0
153,Benny & Joon (1993),102.0
154,Bent (1997),6.0
155,Best Men (1997),5.0
156,Best of the Best 3: No Turning Back (1995),6.0
157,Better Off Dead... (1985),79.0
158,"Beverly Hillbillies, The (1993)",20.0
159,Beverly Hills Cop III (1994),28.0
160,Beverly Hills Ninja (1997),48.0
161,"Bewegte Mann, Der (1994)",3.0
162,Beyond Bedlam (1993),2.0
163,Beyond Rangoon (1995),18.0
164,Bhaji on the Beach (1993),8.0
165,"Big Bang Theory, The (1994)",1.0
166,"Big Blue, The (Grand bleu, Le) (1988)",17.0
167,Big Bully (1996),14.0
168,"Big Green, The (1995)",14.0
169,"Big Lebowski, The (1998)",42.0
170,Big Night (1996),171.0
171,"Big One, The (1997)",1.0
172,"Big Sleep, The (1946)",73.0
173,"Big Squeeze, The (1996)",4.0
174,Billy Madison (1995),37.0
175,Bio-Dome (1996),31.0
176,Bird of Prey (1996),1.0
177,"Birdcage, The (1996)",293.0
178,"Birds, The (1963)",162.0
179,Bitter Moon (1992),10.0
180,Bitter Sugar (Azucar Amargo) (1996),3.0
181,Black Beauty (1994),27.0
182,Black Sheep (1996),55.0
183,Blade Runner (1982),275.0
184,Blink (1994),19.0
185,Bliss (1997),7.0
186,"Blob, The (1958)",46.0
187,Blood & Wine (1997),22.0
188,Blood Beach (1981),6.0
189,Blood For Dracula (Andy Warhol's Dracula) (1974),5.0
190,Bloodsport 2 (1995),10.0
191,"Bloody Child, The (1996)",1.0
192,Blown Away (1994),29.0
193,"Blue Angel, The (Blaue Engel, Der) (1930)",18.0
194,Blue Chips (1994),9.0
195,Blue Sky (1994),12.0
196,Blue in the Face (1995),45.0
197,Blues Brothers 2000 (1998),28.0
198,"Blues Brothers, The (1980)",251.0
199,Bob Roberts (1992),85.0
200,Body Parts (1991),13.0
201,"Body Snatcher, The (1945)",22.0
202,Body Snatchers (1993),69.0
203,Bogus (1996),22.0
204,"Bonheur, Le (1965)",4.0
205,Bonnie and Clyde (1967),122.0
206,Boogie Nights (1997),189.0
207,Boomerang (1992),32.0
208,"Boot, Das (1981)",201.0
209,Booty Call (1997),48.0
210,Bottle Rocket (1996),44.0
211,Bound (1996),129.0
212,Boxing Helena (1993),15.0
213,Boy's Life 2 (1997),6.0
214,Boys (1996),6.0
215,Boys Life (1995),5.0
216,Boys in Venice (1996),2.0
217,"Boys of St. Vincent, The (1993)",13.0
218,Boys on the Side (1995),34.0
219,"Boys, Les (1997)",3.0
220,"Brady Bunch Movie, The (1995)",76.0
221,Braindead (1992),14.0
222,Bram Stoker's Dracula (1992),120.0
223,Brassed Off (1996),32.0
224,Braveheart (1995),297.0
225,Brazil (1985),208.0
226,Bread and Chocolate (Pane e cioccolata) (1973),12.0
227,Breakdown (1997),77.0
228,Breakfast at Tiffany's (1961),95.0
229,Breaking the Waves (1996),74.0
230,Bride of Frankenstein (1935),46.0
231,"Bridge on the River Kwai, The (1957)",165.0
232,"Bridges of Madison County, The (1995)",67.0
233,Bringing Up Baby (1938),68.0
234,Broken Arrow (1996),254.0
235,Broken English (1996),8.0
236,"Bronx Tale, A (1993)",48.0
237,Brother Minister: The Assassination of Malcolm X (1994),5.0
238,"Brother's Kiss, A (1997)",1.0
239,"Brothers McMullen, The (1995)",73.0
240,Brothers in Trouble (1995),1.0
241,"Browning Version, The (1994)",10.0
242,Buddy (1997),4.0
243,Bulletproof (1996),49.0
244,Bullets Over Broadway (1994),86.0
245,Burnt By the Sun (1994),24.0
246,Burnt Offerings (1976),9.0
247,Bushwhacked (1995),7.0
248,Butch Cassidy and the Sundance Kid (1969),216.0
249,"Butcher Boy, The (1998)",2.0
250,Butterfly Kiss (1995),1.0
251,"Bye Bye, Love (1995)",15.0
252,C'est arrivé près de chez vous (1992),4.0
253,Cabin Boy (1994),16.0
254,"Cable Guy, The (1996)",106.0
255,Calendar Girl (1993),3.0
256,Canadian Bacon (1994),29.0
257,"Candidate, The (1972)",39.0
258,Candyman (1992),65.0
259,Candyman: Farewell to the Flesh (1995),21.0
260,Cape Fear (1962),86.0
261,Cape Fear (1991),171.0
262,Captives (1994),3.0
263,Career Girls (1997),39.0
264,Careful (1992),1.0
265,Carlito's Way (1993),54.0
266,Carmen Miranda: Bananas Is My Business (1994),2.0
267,Caro Diario (Dear Diary) (1994),4.0
268,Carpool (1996),5.0
269,Carrie (1976),121.0
270,Carried Away (1996),11.0
271,Carrington (1995),13.0
272,Casablanca (1942),243.0
273,Casino (1995),91.0
274,Casper (1995),52.0
275,Castle Freak (1995),4.0
276,Cat People (1982),48.0
277,Cat on a Hot Tin Roof (1958),62.0
278,Cats Don't Dance (1997),32.0
279,Catwalk (1995),3.0
280,Caught (1996),8.0
281,Celestial Clockwork (1994),2.0
282,"Celluloid Closet, The (1995)",56.0
283,Celtic Pride (1996),15.0
284,"Cement Garden, The (1993)",10.0
285,Cemetery Man (Dellamorte Dellamore) (1994),23.0
286,Century (1993),1.0
287,Chain Reaction (1996),80.0
288,Chairman of the Board (1998),9.0
289,"Chamber, The (1996)",43.0
290,Charade (1963),40.0
291,Chasers (1994),5.0
292,Chasing Amy (1997),379.0
293,Children of the Corn: The Gathering (1996),19.0
294,Children of the Revolution (1996),5.0
295,Chinatown (1974),147.0
296,"Christmas Carol, A (1938)",69.0
297,Chungking Express (1994),28.0
298,"Ciao, Professore! (1993)",4.0
299,Cinderella (1950),129.0
300,Cinema Paradiso (1988),121.0
301,Circle of Friends (1995),76.0
302,Citizen Kane (1941),198.0
303,Citizen Ruth (1996),45.0
304,City Hall (1996),79.0
305,City Slickers II: The Legend of Curly's Gold (1994),44.0
306,City of Angels (1998),8.0
307,City of Industry (1997),6.0
308,"City of Lost Children, The (1995)",96.0
309,Clean Slate (1994),10.0
310,Clean Slate (Coup de Torchon) (1981),4.0
311,Clear and Present Danger (1994),179.0
312,Clerks (1994),148.0
313,"Client, The (1994)",97.0
314,Cliffhanger (1993),93.0
315,Clockers (1995),33.0
316,"Clockwork Orange, A (1971)",221.0
317,"Close Shave, A (1995)",112.0
318,Clueless (1995),170.0
319,Cobb (1994),15.0
320,Cold Comfort Farm (1995),125.0
321,Coldblooded (1995),1.0
322,"Collectionneuse, La (1967)",2.0
323,"Colonel Chabert, Le (1994)",4.0
324,Color of Night (1994),15.0
325,Commandments (1997),3.0
326,Con Air (1997),137.0
327,Conan the Barbarian (1981),107.0
328,Condition Red (1995),2.0
329,Coneheads (1993),41.0
330,Congo (1995),42.0
331,Conspiracy Theory (1997),295.0
332,Contact (1997),509.0
333,"Contempt (Mépris, Le) (1963)",9.0
334,"Convent, The (Convento, O) (1995)",2.0
335,"Cook the Thief His Wife & Her Lover, The (1989)",82.0
336,Cool Hand Luke (1967),164.0
337,Cool Runnings (1993),68.0
338,Cop Land (1997),175.0
339,Cops and Robbersons (1994),13.0
340,Copycat (1995),86.0
341,"Corrina, Corrina (1994)",39.0
342,Cosi (1996),4.0
343,Country Life (1994),2.0
344,Courage Under Fire (1996),221.0
345,"Cowboy Way, The (1994)",19.0
346,"Craft, The (1996)",104.0
347,Crash (1996),128.0
348,Crimson Tide (1995),154.0
349,Critical Care (1997),11.0
350,Cronos (1992),10.0
351,Crooklyn (1994),10.0
352,Crossfire (1947),4.0
353,"Crossing Guard, The (1995)",28.0
354,"Crow, The (1994)",134.0
355,"Crow: City of Angels, The (1996)",39.0
356,Crows and Sparrows (1949),2.0
357,"Crucible, The (1996)",77.0
358,"Crude Oasis, The (1995)",1.0
359,Crumb (1994),81.0
360,"Cry, the Beloved Country (1995)",24.0
361,"Crying Game, The (1992)",119.0
362,Curdled (1996),8.0
363,"Cure, The (1995)",6.0
364,Cutthroat Island (1995),18.0
365,Cyclo (1995),1.0
366,Cyrano de Bergerac (1990),66.0
367,"Cérémonie, La (1995)",3.0
368,D3: The Mighty Ducks (1996),19.0
369,Dadetown (1995),1.0
370,Daens (1992),1.0
371,"Damsel in Distress, A (1937)",1.0
372,Dances with Wolves (1990),256.0
373,Dangerous Beauty (1998),13.0
374,Dangerous Ground (1997),8.0
375,Dangerous Minds (1995),47.0
376,Daniel Defoe's Robinson Crusoe (1996),2.0
377,Dante's Peak (1997),240.0
378,Dark City (1998),16.0
379,Dave (1993),180.0
380,"Davy Crockett, King of the Wild Frontier (1955)",11.0
381,"Day the Earth Stood Still, The (1951)",97.0
382,"Day the Sun Turned Cold, The (Tianguo niezi) (1994)",2.0
383,Daylight (1996),57.0
384,Days of Thunder (1990),53.0
385,"Daytrippers, The (1996)",15.0
386,Dazed and Confused (1993),64.0
387,Dead Man (1995),34.0
388,Dead Man Walking (1995),299.0
389,Dead Poets Society (1989),251.0
390,Dead Presidents (1995),18.0
391,Dear God (1996),12.0
392,Death and the Maiden (1994),28.0
393,Death in Brunswick (1991),1.0
394,"Death in the Garden (Mort en ce jardin, La) (1956)",1.0
395,Deceiver (1997),29.0
396,Deconstructing Harry (1997),65.0
397,Deep Rising (1998),14.0
398,"Deer Hunter, The (1978)",120.0
399,Delicatessen (1991),65.0
400,Delta of Venus (1994),2.0
401,Demolition Man (1993),92.0
402,Denise Calls Up (1995),7.0
403,Desert Winds (1995),1.0
404,"Designated Mourner, The (1997)",7.0
405,Desperado (1995),97.0
406,Desperate Measures (1998),72.0
407,Destiny Turns on the Radio (1995),2.0
408,Devil in a Blue Dress (1995),57.0
409,"Devil's Advocate, The (1997)",188.0
410,"Devil's Own, The (1997)",240.0
411,Diabolique (1996),71.0
412,Dial M for Murder (1954),68.0
413,Die Hard (1988),243.0
414,Die Hard 2 (1990),166.0
415,Die Hard: With a Vengeance (1995),151.0
416,"Die xue shuang xiong (Killer, The) (1989)",31.0
417,Dingo (1992),5.0
418,Dirty Dancing (1987),98.0
419,Disclosure (1994),40.0
420,Diva (1981),66.0
421,Dolores Claiborne (1994),79.0
422,Don Juan DeMarco (1995),76.0
423,Don't Be a Menace to South Central While Drinking Your Juice in the Hood (1996),35.0
424,Donnie Brasco (1997),147.0
425,"Doom Generation, The (1995)",7.0
426,"Doors, The (1991)",46.0
427,Double Happiness (1994),7.0
428,Double Team (1997),13.0
429,"Double vie de Véronique, La (Double Life of Veronique, The) (1991)",22.0
430,Down Periscope (1996),101.0
431,Down by Law (1986),35.0
432,Dr. Strangelove or: How I Learned to Stop Worrying and Love the Bomb (1963),194.0
433,Dracula: Dead and Loving It (1995),25.0
434,Dragonheart (1996),158.0
435,Dream Man (1995),2.0
436,Dream With the Fishes (1997),7.0
437,Drop Dead Fred (1991),24.0
438,Drop Zone (1994),31.0
439,Drunks (1995),5.0
440,Duck Soup (1933),93.0
441,Dumb & Dumber (1994),69.0
442,Dumbo (1941),123.0
443,Dunston Checks In (1996),7.0
444,Duoluo tianshi (1995),6.0
445,E.T. the Extra-Terrestrial (1982),300.0
446,East of Eden (1955),59.0
447,Eat Drink Man Woman (1994),80.0
448,Ed (1996),6.0
449,Ed Wood (1994),133.0
450,Ed's Next Move (1996),3.0
451,Eddie (1996),40.0
452,"Edge, The (1997)",113.0
453,"Eighth Day, The (1996)",1.0
454,Emma (1996),177.0
455,"Empire Strikes Back, The (1980)",368.0
456,Enchanted April (1991),70.0
457,"Endless Summer 2, The (1994)",10.0
458,"Enfer, L' (1994)",4.0
459,"English Patient, The (1996)",481.0
460,"Englishman Who Went Up a Hill, But Came Down a Mountain, The (1995)",32.0
461,Entertaining Angels: The Dorothy Day Story (1996),1.0
462,Eraser (1996),206.0
463,Escape from L.A. (1996),91.0
464,Escape from New York (1981),91.0
465,Escape to Witch Mountain (1975),30.0
466,Etz Hadomim Tafus (Under the Domin Tree) (1994),1.0
467,Eve's Bayou (1997),64.0
468,Even Cowgirls Get the Blues (1993),5.0
469,"Evening Star, The (1996)",29.0
470,Event Horizon (1997),127.0
471,Everest (1998),2.0
472,Every Other Weekend (1990),1.0
473,Everyone Says I Love You (1996),168.0
474,Evil Dead II (1987),89.0
475,Evita (1996),259.0
476,Excess Baggage (1997),52.0
477,Executive Decision (1996),157.0
478,Exit to Eden (1994),16.0
479,Exotica (1994),27.0
480,Extreme Measures (1996),64.0
481,Eye for an Eye (1996),32.0
482,"Eye of Vichy, The (Oeil de Vichy, L') (1993)",1.0
483,Face/Off (1997),194.0
484,Faces (1968),4.0
485,Fair Game (1995),11.0
486,FairyTale: A True Story (1997),30.0
487,Faithful (1996),10.0
488,Fall (1997),3.0
489,Fallen (1998),41.0
490,Falling in Love Again (1980),2.0
491,"Family Thing, A (1996)",45.0
492,"Fan, The (1996)",64.0
493,Fantasia (1940),174.0
494,Far From Home: The Adventures of Yellow Dog (1995),7.0
495,Farewell My Concubine (1993),46.0
496,"Farewell to Arms, A (1932)",12.0
497,Fargo (1996),508.0
498,Farinelli: il castrato (1994),17.0
499,Farmer & Chase (1995),1.0
500,"Fast, Cheap & Out of Control (1997)",32.0
501,Faster Pussycat! Kill! Kill! (1965),7.0
502,Fatal Instinct (1993),19.0
503,Father of the Bride (1950),60.0
504,Father of the Bride Part II (1995),128.0
505,Fathers' Day (1997),31.0
506,Faust (1994),5.0
507,Fausto (1993),3.0
508,"Favor, The (1994)",1.0
509,Fear (1996),44.0
510,Fear of a Black Hat (1993),10.0
511,"Fear, The (1995)",1.0
512,Fearless (1993),25.0
513,Feast of July (1995),5.0
514,Feeling Minnesota (1996),32.0
515,Female Perversions (1996),8.0
516,Field of Dreams (1989),212.0
517,Fierce Creatures (1997),96.0
518,"Fifth Element, The (1997)",197.0
519,"Fille seule, La (A Single Girl) (1995)",4.0
520,Fire Down Below (1997),44.0
521,Fire on the Mountain (1996),1.0
522,Firestorm (1998),18.0
523,"Firm, The (1993)",151.0
524,First Kid (1996),40.0
525,First Knight (1995),86.0
526,"First Wives Club, The (1996)",160.0
527,"Fish Called Wanda, A (1988)",247.0
528,Fled (1996),34.0
529,Flesh and Bone (1993),6.0
530,"Flintstones, The (1994)",31.0
531,Flipper (1996),20.0
532,Flirt (1995),5.0
533,Flirting With Disaster (1996),42.0
534,"Flower of My Secret, The (Flor de mi secreto, La) (1995)",6.0
535,Flubber (1997),53.0
536,Fluke (1995),14.0
537,Fly Away Home (1996),180.0
538,"Fog, The (1980)",23.0
539,Fools Rush In (1997),24.0
540,For Ever Mozart (1996),3.0
541,For Love or Money (1993),12.0
542,For Richer or Poorer (1997),14.0
543,For Whom the Bell Tolls (1943),20.0
544,For the Moment (1994),3.0
545,"Forbidden Christ, The (Cristo proibito, Il) (1950)",4.0
546,Forbidden Planet (1956),67.0
547,Foreign Correspondent (1940),15.0
548,Foreign Student (1994),2.0
549,Forget Paris (1995),62.0
550,Forrest Gump (1994),321.0
551,Four Days in September (1997),12.0
552,Four Rooms (1995),90.0
553,Four Weddings and a Funeral (1994),251.0
554,"Fox and the Hound, The (1981)",61.0
555,Foxfire (1996),15.0
556,Frankie Starlight (1995),4.0
557,Free Willy (1993),33.0
558,Free Willy 2: The Adventure Home (1995),11.0
559,Free Willy 3: The Rescue (1997),27.0
560,Freeway (1996),42.0
561,French Kiss (1995),84.0
562,French Twist (Gazon maudit) (1995),39.0
563,Fresh (1994),10.0
564,Friday (1995),26.0
565,Fried Green Tomatoes (1991),153.0
566,"Frighteners, The (1996)",115.0
567,Frisk (1995),3.0
568,From Dusk Till Dawn (1996),92.0
569,"Fugitive, The (1993)",336.0
570,Full Metal Jacket (1987),170.0
571,"Full Monty, The (1997)",315.0
572,Full Speed (1996),8.0
573,"Funeral, The (1996)",21.0
574,Funny Face (1957),21.0
575,"Further Gesture, A (1996)",1.0
576,G.I. Jane (1997),175.0
577,Gabbeh (1996),6.0
578,"Game, The (1997)",251.0
579,Gandhi (1982),195.0
580,Gang Related (1997),16.0
581,"Garden of Finzi-Contini, The (Giardino dei Finzi-Contini, Il) (1970)",24.0
582,Gaslight (1944),35.0
583,"Gate of Heavenly Peace, The (1995)",1.0
584,Gattaca (1997),136.0
585,"Gay Divorcee, The (1934)",15.0
586,George of the Jungle (1997),162.0
587,Georgia (1995),30.0
588,Germinal (1993),4.0
589,Geronimo: An American Legend (1993),9.0
590,Get Shorty (1995),209.0
591,Get on the Bus (1996),38.0
592,"Getaway, The (1994)",18.0
593,Getting Away With Murder (1996),1.0
594,Getting Even with Dad (1994),5.0
595,Ghost (1990),170.0
596,"Ghost and Mrs. Muir, The (1947)",43.0
597,"Ghost and the Darkness, The (1996)",128.0
598,Ghost in the Shell (Kokaku kidotai) (1995),26.0
599,Ghosts of Mississippi (1996),29.0
600,Giant (1956),51.0
601,Gigi (1958),41.0
602,Gilligan's Island: The Movie (1998),3.0
603,Girl 6 (1996),25.0
604,Girl in the Cadillac (1995),1.0
605,Girls Town (1996),1.0
606,"Glass Shield, The (1994)",2.0
607,Glengarry Glen Ross (1992),69.0
608,"Glimmer Man, The (1996)",48.0
609,Glory (1989),171.0
610,Go Fish (1994),15.0
611,"Godfather, The (1972)",413.0
612,"Godfather: Part II, The (1974)",209.0
613,Gold Diggers: The Secret of Bear Mountain (1995),10.0
614,Golden Earrings (1947),2.0
615,GoldenEye (1995),131.0
616,Gone Fishin' (1997),11.0
617,Gone with the Wind (1939),172.0
618,"Good Man in Africa, A (1994)",2.0
619,Good Morning (1971),1.0
620,Good Will Hunting (1997),198.0
621,"Good, The Bad and The Ugly, The (1966)",137.0
622,GoodFellas (1990),226.0
623,"Goofy Movie, A (1995)",20.0
624,Gordy (1995),3.0
625,Grace of My Heart (1996),8.0
626,"Graduate, The (1967)",239.0
627,"Grand Day Out, A (1992)",66.0
628,"Grass Harp, The (1995)",9.0
629,Grateful Dead (1995),4.0
630,Grease (1978),170.0
631,Grease 2 (1982),24.0
632,"Great Day in Harlem, A (1994)",1.0
633,"Great Dictator, The (1940)",46.0
634,"Great Escape, The (1963)",124.0
635,Great Expectations (1998),27.0
636,"Great Race, The (1965)",31.0
637,"Great White Hype, The (1996)",49.0
638,Gridlock'd (1997),19.0
639,"Grifters, The (1990)",89.0
640,Grosse Fatigue (1994),4.0
641,Grosse Pointe Blank (1997),160.0
642,Groundhog Day (1993),280.0
643,Grumpier Old Men (1995),148.0
644,Guantanamera (1994),4.0
645,Guilty as Sin (1993),6.0
646,Gumby: The Movie (1995),5.0
647,Hackers (1995),33.0
648,Half Baked (1998),20.0
649,Halloween: The Curse of Michael Myers (1995),25.0
650,Hamlet (1996),90.0
651,Hana-bi (1997),1.0
652,Happy Gilmore (1996),149.0
653,Hard Eight (1996),15.0
654,Hard Rain (1998),31.0
655,Hard Target (1993),40.0
656,Harlem (1993),4.0
657,Harold and Maude (1971),121.0
658,Harriet the Spy (1996),40.0
659,"Hate (Haine, La) (1995)",18.0
660,"Haunted World of Edward D. Wood Jr., The (1995)",15.0
661,He Walked by Night (1948),1.0
662,Head Above Water (1996),4.0
663,Hear My Song (1991),8.0
664,Hearts and Minds (1996),5.0
665,Heat (1995),223.0
666,Heathers (1989),171.0
667,Heaven & Earth (1993),9.0
668,Heaven's Prisoners (1996),27.0
669,Heavenly Creatures (1994),70.0
670,Heavy (1995),5.0
671,Heavy Metal (1981),73.0
672,Heavyweights (1994),13.0
673,Hedd Wyn (1992),1.0
674,Heidi Fleiss: Hollywood Madam (1995) ,13.0
675,Hellraiser: Bloodline (1996),18.0
676,Henry V (1989),124.0
677,Herbie Rides Again (1974),11.0
678,Hercules (1997),66.0
679,Here Comes Cookie (1935),1.0
680,Hideaway (1995),9.0
681,High Noon (1952),88.0
682,High School High (1996),29.0
683,Higher Learning (1995),30.0
684,Highlander (1986),153.0
685,Highlander III: The Sorcerer (1994),16.0
686,His Girl Friday (1940),56.0
687,Hollow Reed (1996),6.0
688,Homage (1995),1.0
689,Home Alone (1990),137.0
690,Home Alone 3 (1997),19.0
691,Home for the Holidays (1995),58.0
692,Homeward Bound II: Lost in San Francisco (1996),32.0
693,Homeward Bound: The Incredible Journey (1993),61.0
694,Hoodlum (1997),73.0
695,Hoop Dreams (1994),117.0
696,"Horse Whisperer, The (1998)",7.0
697,"Horseman on the Roof, The (Hussard sur le toit, Le) (1995)",9.0
698,Hostile Intentions (1994),1.0
699,Hot Shots! Part Deux (1993),68.0
700,Hotel de Love (1996),4.0
701,"Hour of the Pig, The (1993)",14.0
702,House Arrest (1996),25.0
703,House Party 3 (1994),9.0
704,"House of Yes, The (1997)",18.0
705,"House of the Spirits, The (1993)",24.0
706,Houseguest (1994),24.0
707,How to Be a Player (1997),21.0
708,How to Make an American Quilt (1995),71.0
709,"Howling, The (1981)",38.0
710,"Hudsucker Proxy, The (1994)",110.0
711,Hugo Pool (1997),7.0
712,"Hunchback of Notre Dame, The (1996)",127.0
713,"Hungarian Fairy Tale, A (1987)",1.0
714,"Hunt for Red October, The (1990)",227.0
715,"Hunted, The (1995)",3.0
716,Hurricane Streets (1998),9.0
717,Hush (1998),1.0
718,I Can't Sleep (J'ai pas sommeil) (1994),3.0
719,I Don't Want to Talk About It (De eso no se habla) (1993),1.0
720,I Know What You Did Last Summer (1997),100.0
721,I Like It Like That (1994),3.0
722,I Love Trouble (1994),10.0
723,I Shot Andy Warhol (1996),37.0
724,I'll Do Anything (1994),10.0
725,I'm Not Rappaport (1996),17.0
726,"I, Worst of All (Yo, la peor de todas) (1990)",1.0
727,I.Q. (1994),81.0
728,"Ice Storm, The (1997)",108.0
729,If Lucy Fell (1996),29.0
730,Ill Gotten Gains (1997),3.0
731,Immortal Beloved (1994),63.0
732,In & Out (1997),230.0
733,In Love and War (1996),28.0
734,In the Army Now (1994),18.0
735,In the Bleak Midwinter (1995),16.0
736,In the Company of Men (1997),66.0
737,In the Line of Duty 2 (1987),4.0
738,In the Line of Fire (1993),169.0
739,In the Mouth of Madness (1995),26.0
740,In the Name of the Father (1993),102.0
741,In the Realm of the Senses (Ai no corrida) (1976),9.0
742,Incognito (1997),10.0
743,Independence Day (ID4) (1996),429.0
744,Indian Summer (1996),20.0
745,"Indian in the Cupboard, The (1995)",39.0
746,Indiana Jones and the Last Crusade (1989),331.0
747,Infinity (1996),6.0
748,"Inkwell, The (1994)",3.0
749,"Innocent Sleep, The (1995)",2.0
750,"Innocents, The (1961)",4.0
751,"Inspector General, The (1949)",18.0
752,Interview with the Vampire (1994),137.0
753,Intimate Relations (1996),2.0
754,Inventing the Abbotts (1997),23.0
755,"Invitation, The (Zaproszenie) (1986)",1.0
756,"Island of Dr. Moreau, The (1996)",57.0
757,It Could Happen to You (1994),46.0
758,It Happened One Night (1934),81.0
759,It Takes Two (1995),3.0
760,It's My Party (1995),21.0
761,It's a Wonderful Life (1946),231.0
762,JLG/JLG - autoportrait de décembre (1994),1.0
763,Jack (1996),70.0
764,Jack and Sarah (1995),7.0
765,"Jackal, The (1997)",87.0
766,Jackie Brown (1997),126.0
767,Jackie Chan's First Strike (1996),145.0
768,Jade (1995),17.0
769,James and the Giant Peach (1996),126.0
770,Jane Eyre (1996),63.0
771,Jason's Lyric (1994),8.0
772,Jaws (1975),280.0
773,Jaws 2 (1978),66.0
774,Jaws 3-D (1983),16.0
775,Jean de Florette (1986),64.0
776,Jefferson in Paris (1995),5.0
777,Jeffrey (1995),34.0
778,"Jerky Boys, The (1994)",3.0
779,Jerry Maguire (1996),384.0
780,Jimmy Hollywood (1994),8.0
781,Jingle All the Way (1996),18.0
782,Joe's Apartment (1996),45.0
783,Johnny 100 Pesos (1993),2.0
784,Johnny Mnemonic (1995),41.0
785,Johns (1996),1.0
786,"Journey of August King, The (1995)",4.0
787,"Joy Luck Club, The (1993)",3.0
788,Jude (1996),23.0
789,Judge Dredd (1995),39.0
790,Judgment Night (1993),25.0
791,Jumanji (1995),96.0
792,"Jungle Book, The (1994)",85.0
793,Jungle2Jungle (1997),132.0
794,Junior (1994),45.0
795,Jupiter's Wife (1994),1.0
796,Jurassic Park (1993),261.0
797,"Juror, The (1996)",82.0
798,Jury Duty (1995),14.0
799,Just Cause (1995),28.0
800,Kalifornia (1993),59.0
801,Kama Sutra: A Tale of Love (1996),22.0
802,Kansas City (1996),23.0
803,Kaspar Hauser (1993),8.0
804,Kazaam (1996),10.0
805,Keys to Tulsa (1997),25.0
806,Kicked in the Head (1997),7.0
807,Kicking and Screaming (1995),13.0
808,"Kid in King Arthur's Court, A (1995)",22.0
809,Kids (1995),49.0
810,Kids in the Hall: Brain Candy (1996),65.0
811,Kika (1993),2.0
812,Killer (Bulletproof Heart) (1994),4.0
813,Killer: A Journal of Murder (1995),1.0
814,"Killing Fields, The (1984)",121.0
815,Killing Zoe (1994),40.0
816,Kim (1950),7.0
817,King of New York (1990),1.0
818,King of the Hill (1993),4.0
819,Kingpin (1996),162.0
820,"Kiss Me, Guido (1997)",31.0
821,Kiss of Death (1995),20.0
822,Kiss the Girls (1997),143.0
823,Kissed (1996),6.0
824,Kolya (1996),117.0
825,Koyaanisqatsi (1983),53.0
826,Kull the Conqueror (1997),69.0
827,Kundun (1997),42.0
828,L.A. Confidential (1997),297.0
829,Lady of Burlesque (1943),1.0
830,Ladybird Ladybird (1994),4.0
831,Lamerica (1994),4.0
832,Land Before Time III: The Time of the Great Giving (1995) (V),6.0
833,Land and Freedom (Tierra y libertad) (1995),1.0
834,Larger Than Life (1996),9.0
835,Lashou shentan (1992),1.0
836,Lassie (1994),7.0
837,Last Action Hero (1993),59.0
838,Last Dance (1996),9.0
839,"Last Klezmer: Leopold Kozlowski, His Life and Music, The (1995)",4.0
840,Last Man Standing (1996),53.0
841,Last Summer in the Hamptons (1995),3.0
842,"Last Supper, The (1995)",58.0
843,"Last Time I Committed Suicide, The (1997)",7.0
844,"Last Time I Saw Paris, The (1954)",3.0
845,"Last of the Mohicans, The (1992)",128.0
846,Late Bloomers (1996),5.0
847,Laura (1944),40.0
848,Lawnmower Man 2: Beyond Cyberspace (1996),21.0
849,"Lawnmower Man, The (1992)",65.0
850,Lawrence of Arabia (1962),173.0
851,"Lay of the Land, The (1997)",4.0
852,"Leading Man, The (1996)",4.0
853,Leave It to Beaver (1997),44.0
854,Leaving Las Vegas (1995),298.0
855,Legal Deceit (1997),5.0
856,Legends of the Fall (1994),81.0
857,"Leopard Son, The (1996)",1.0
858,"Letter From Death Row, A (1998)",3.0
859,Liar Liar (1997),485.0
860,Liebelei (1933),1.0
861,"Life Less Ordinary, A (1997)",53.0
862,Life with Mikey (1993),7.0
863,Lightning Jack (1994),10.0
864,Like Water For Chocolate (Como agua para chocolate) (1992),148.0
865,"Line King: Al Hirschfeld, The (1996)",2.0
866,"Lion King, The (1994)",220.0
867,Little Big League (1994),16.0
868,Little Buddha (1993),22.0
869,Little City (1998),2.0
870,Little Lord Fauntleroy (1936),12.0
871,Little Odessa (1994),10.0
872,"Little Princess, A (1995)",41.0
873,"Little Princess, The (1939)",9.0
874,"Little Rascals, The (1994)",18.0
875,Little Women (1994),102.0
876,Live Nude Girls (1995),23.0
877,Living in Oblivion (1995),27.0
878,Loaded (1994),5.0
879,Local Hero (1983),63.0
880,Loch Ness (1995),4.0
881,"Locusts, The (1997)",5.0
882,Lone Star (1996),187.0
883,"Long Kiss Goodnight, The (1996)",185.0
884,Looking for Richard (1996),55.0
885,Lord of Illusions (1995),24.0
886,Losing Chase (1996),8.0
887,Losing Isaiah (1995),12.0
888,Lost Highway (1997),125.0
889,Lost Horizon (1937),34.0
890,"Lost World: Jurassic Park, The (1997)",158.0
891,Lost in Space (1998),18.0
892,Lotto Land (1995),1.0
893,Love & Human Remains (1993),12.0
894,Love Affair (1994),12.0
895,"Love Bug, The (1969)",50.0
896,Love Is All There Is (1996),1.0
897,Love Jones (1997),42.0
898,Love Serenade (1996),4.0
899,Love and Death on Long Island (1997),2.0
900,Love and Other Catastrophes (1996),7.0
901,Love and a .45 (1994),8.0
902,Love in the Afternoon (1957),10.0
903,Love! Valour! Compassion! (1997),26.0
904,Lover's Knot (1996),3.0
905,"Low Down Dirty Shame, A (1994)",10.0
906,"Low Life, The (1994)",1.0
907,M (1931),44.0
908,M*A*S*H (1970),206.0
909,M. Butterfly (1993),18.0
910,MURDER and murder (1996),1.0
911,Ma vie en rose (My Life in Pink) (1997),20.0
912,"Machine, The (1994)",2.0
913,Mad City (1997),47.0
914,Mad Dog Time (1996),1.0
915,Mad Love (1995),13.0
916,Madame Butterfly (1995),7.0
917,Made in America (1993),27.0
918,"Madness of King George, The (1994)",91.0
919,Madonna: Truth or Dare (1991),17.0
920,"Magic Hour, The (1998)",5.0
921,"Magnificent Seven, The (1954)",121.0
922,Major Payne (1994),19.0
923,Malice (1993),46.0
924,Mallrats (1995),54.0
925,"Maltese Falcon, The (1941)",138.0
926,Mamma Roma (1962),1.0
927,"Man Who Knew Too Little, The (1997)",52.0
928,"Man Who Would Be King, The (1975)",80.0
929,"Man Without a Face, The (1993)",68.0
930,"Man from Down Under, The (1943)",1.0
931,"Man in the Iron Mask, The (1998)",12.0
932,"Man of No Importance, A (1994)",7.0
933,Man of the House (1995),9.0
934,Man of the Year (1995),9.0
935,"Manchurian Candidate, The (1962)",131.0
936,Manhattan (1979),91.0
937,Manhattan Murder Mystery (1993),27.0
938,Manny & Lo (1996),13.0
939,Manon of the Spring (Manon des sources) (1986),58.0
940,Margaret's Museum (1995),6.0
941,"Mark of Zorro, The (1940)",13.0
942,Marked for Death (1990),22.0
943,Marlene Dietrich: Shadow and Light (1996) ,1.0
944,Mars Attacks! (1996),217.0
945,Marvin's Room (1996),78.0
946,Mary Poppins (1964),178.0
947,Mary Reilly (1996),39.0
948,Mary Shelley's Frankenstein (1994),59.0
949,"Mask, The (1994)",129.0
950,Mat' i syn (1997),1.0
951,"MatchMaker, The (1997)",51.0
952,Matilda (1996),95.0
953,Maverick (1994),128.0
954,Maximum Risk (1996),20.0
955,Maya Lin: A Strong Clear Vision (1994),4.0
956,"Maybe, Maybe Not (Bewegte Mann, Der) (1994)",8.0
957,McHale's Navy (1997),69.0
958,Mediterraneo (1991),34.0
959,Meet John Doe (1941),25.0
960,Meet Me in St. Louis (1944),31.0
961,Meet Wally Sparks (1997),7.0
962,Men With Guns (1997),2.0
963,Men in Black (1997),303.0
964,Men of Means (1998),2.0
965,Menace II Society (1993),50.0
966,Mercury Rising (1998),7.0
967,Metisse (Café au Lait) (1993),6.0
968,Metro (1997),36.0
969,Miami Rhapsody (1995),15.0
970,Michael (1996),119.0
971,Michael Collins (1996),92.0
972,Microcosmos: Le peuple de l'herbe (1996),24.0
973,Midnight Dancers (Sibak) (1994),5.0
974,Midnight in the Garden of Good and Evil (1997),80.0
975,Mighty Aphrodite (1995),184.0
976,Mighty Morphin Power Rangers: The Movie (1995),11.0
977,"Mighty, The (1998)",3.0
978,Milk Money (1994),37.0
979,Mille bolle blu (1993),1.0
980,Miller's Crossing (1990),89.0
981,Mimic (1997),101.0
982,Mina Tannenbaum (1994),6.0
983,Miracle on 34th Street (1994),101.0
984,Mirage (1995),1.0
985,"Mirror Has Two Faces, The (1996)",66.0
986,Mission: Impossible (1996),344.0
987,"Misérables, Les (1995)",21.0
988,Mixed Nuts (1994),15.0
989,"Modern Affair, A (1995)",1.0
990,Moll Flanders (1996),42.0
991,Mondo (1996),3.0
992,Money Talks (1997),92.0
993,Money Train (1995),43.0
994,"Month by the Lake, A (1995)",9.0
995,Monty Python and the Holy Grail (1974),316.0
996,Monty Python's Life of Brian (1979),174.0
997,Moonlight and Valentino (1995),7.0
998,Mortal Kombat (1995),49.0
999,Mortal Kombat: Annihilation (1997),43.0
1000,"Mostro, Il (1994)",1.0
1001,Mother (1996),169.0
1002,Mother Night (1996),22.0
1003,Mouse Hunt (1997),44.0
1004,Mr. Holland's Opus (1995),293.0
1005,Mr. Jones (1993),2.0
1006,Mr. Magoo (1997),12.0
1007,Mr. Smith Goes to Washington (1939),105.0
1008,Mr. Wonderful (1993),4.0
1009,Mr. Wrong (1996),23.0
1010,"Mrs. Brown (Her Majesty, Mrs. Brown) (1997)",96.0
1011,Mrs. Dalloway (1997),15.0
1012,Mrs. Doubtfire (1993),192.0
1013,Mrs. Parker and the Vicious Circle (1994),22.0
1014,Mrs. Winterbourne (1996),22.0
1015,Much Ado About Nothing (1993),176.0
1016,Mulholland Falls (1996),82.0
1017,Multiplicity (1996),134.0
1018,Muppet Treasure Island (1996),84.0
1019,Murder at 1600 (1997),218.0
1020,Murder in the First (1995),60.0
1021,"Murder, My Sweet (1944)",9.0
1022,Muriel's Wedding (1994),100.0
1023,Mute Witness (1994),17.0
1024,My Best Friend's Wedding (1997),172.0
1025,My Crazy Life (Mi vida loca) (1993),11.0
1026,My Fair Lady (1964),125.0
1027,My Family (1995),21.0
1028,My Favorite Season (1993),3.0
1029,My Favorite Year (1982),62.0
1030,My Fellow Americans (1996),86.0
1031,My Left Foot (1989),121.0
1032,My Life and Times With Antonin Artaud (En compagnie d'Antonin Artaud) (1993),2.0
1033,My Life as a Dog (Mitt liv som hund) (1985),93.0
1034,My Man Godfrey (1936),27.0
1035,My Own Private Idaho (1991),30.0
1036,Mystery Science Theater 3000: The Movie (1996),130.0
1037,Nadja (1994),8.0
1038,Naked (1993),25.0
1039,Naked Gun 33 1/3: The Final Insult (1994),69.0
1040,Naked in New York (1994),2.0
1041,National Lampoon's Senior Trip (1995),7.0
1042,Natural Born Killers (1994),128.0
1043,Nell (1994),81.0
1044,Nelly & Monsieur Arnaud (1995),3.0
1045,Nemesis 2: Nebula (1995),1.0
1046,"Neon Bible, The (1995)",4.0
1047,"Net, The (1995)",120.0
1048,"NeverEnding Story III, The (1994)",12.0
1049,"New Age, The (1994)",1.0
1050,New Jersey Drive (1995),2.0
1051,New York Cop (1996),2.0
1052,"Newton Boys, The (1998)",4.0
1053,"Next Karate Kid, The (1994)",9.0
1054,"Next Step, The (1995)",1.0
1055,"Niagara, Niagara (1997)",1.0
1056,Nick of Time (1995),44.0
1057,Nico Icon (1995),2.0
1058,Night Falls on Manhattan (1997),32.0
1059,Night Flier (1997),7.0
1060,Night of the Living Dead (1968),64.0
1061,Night on Earth (1991),36.0
1062,"Nightmare Before Christmas, The (1993)",143.0
1063,"Nightmare on Elm Street, A (1984)",111.0
1064,Nightwatch (1997),3.0
1065,Nikita (La Femme Nikita) (1990),127.0
1066,Nil By Mouth (1997),4.0
1067,Nina Takes a Lover (1994),6.0
1068,Nine Months (1995),58.0
1069,Ninotchka (1939),26.0
1070,Nixon (1995),90.0
1071,No Escape (1994),5.0
1072,Nobody Loves Me (Keiner liebt mich) (1994),1.0
1073,Nobody's Fool (1994),46.0
1074,Normal Life (1996),1.0
1075,North (1994),7.0
1076,North by Northwest (1959),179.0
1077,"Nosferatu (Nosferatu, eine Symphonie des Grauens) (1922)",54.0
1078,Nosferatu a Venezia (1986),3.0
1079,Nothing Personal (1995),1.0
1080,Nothing to Lose (1994),7.0
1081,Notorious (1946),52.0
1082,Now and Then (1995),24.0
1083,Nowhere (1997),3.0
1084,"Nutty Professor, The (1996)",163.0
1085,Nénette et Boni (1996),6.0
1086,"Object of My Affection, The (1998)",1.0
1087,Of Human Bondage (1934),5.0
1088,Of Love and Shadows (1994),6.0
1089,Office Killer (1997),1.0
1090,"Old Lady Who Walked in the Sea, The (Vieille qui marchait dans la mer, La) (1991)",5.0
1091,"Old Man and the Sea, The (1958)",32.0
1092,Old Yeller (1957),64.0
1093,Oliver & Company (1988),22.0
1094,"Omen, The (1976)",85.0
1095,On Golden Pond (1981),106.0
1096,Once Upon a Time in America (1984),50.0
1097,Once Upon a Time in the West (1969),38.0
1098,Once Upon a Time... When We Were Colored (1995),28.0
1099,Once Were Warriors (1994),31.0
1100,One Fine Day (1996),112.0
1101,One Flew Over the Cuckoo's Nest (1975),264.0
1102,One Night Stand (1997),15.0
1103,Only You (1994),39.0
1104,Open Season (1996),2.0
1105,Operation Dumbo Drop (1995),31.0
1106,Original Gangstas (1996),7.0
1107,Orlando (1993),34.0
1108,Oscar & Lucinda (1997),21.0
1109,Othello (1995),72.0
1110,"Other Voices, Other Rooms (1997)",1.0
1111,Out to Sea (1997),19.0
1112,Outbreak (1995),104.0
1113,"Outlaw, The (1943)",2.0
1114,"Pagemaster, The (1994)",12.0
1115,"Pallbearer, The (1996)",22.0
1116,Palmetto (1998),14.0
1117,Palookaville (1996),13.0
1118,Panther (1995),5.0
1119,"Paper, The (1994)",40.0
1120,Paradise Lost: The Child Murders at Robin Hood Hills (1996),20.0
1121,Paradise Road (1997),7.0
1122,"Parent Trap, The (1961)",73.0
1123,Paris Is Burning (1990),27.0
1124,Paris Was a Woman (1995),1.0
1125,"Paris, France (1993)",3.0
1126,"Paris, Texas (1984)",46.0
1127,Party Girl (1995),16.0
1128,Passion Fish (1992),28.0
1129,Pather Panchali (1955),8.0
1130,Paths of Glory (1957),33.0
1131,Patton (1970),136.0
1132,"Peacemaker, The (1997)",136.0
1133,Penny Serenade (1941),8.0
1134,"People vs. Larry Flynt, The (1996)",215.0
1135,"Perez Family, The (1995)",14.0
1136,"Perfect Candidate, A (1996)",4.0
1137,"Perfect World, A (1993)",50.0
1138,Persuasion (1995),44.0
1139,"Pest, The (1997)",8.0
1140,Pete's Dragon (1977),43.0
1141,"Phantom, The (1996)",80.0
1142,Phantoms (1998),13.0
1143,Pharaoh's Army (1995),1.0
1144,Phat Beach (1996),5.0
1145,Phenomenon (1996),244.0
1146,Philadelphia (1993),137.0
1147,"Philadelphia Story, The (1940)",104.0
1148,"Piano, The (1993)",168.0
1149,Picnic (1955),18.0
1150,Picture Bride (1995),10.0
1151,Picture Perfect (1997),81.0
1152,Pie in the Sky (1995),4.0
1153,"Pillow Book, The (1995)",26.0
1154,Pink Floyd - The Wall (1982),114.0
1155,Pinocchio (1940),101.0
1156,Platoon (1986),127.0
1157,Playing God (1997),43.0
1158,Pocahontas (1995),51.0
1159,Poetic Justice (1993),9.0
1160,Poison Ivy II (1995),13.0
1161,Police Story 4: Project S (Chao ji ji hua) (1993),1.0
1162,Pollyanna (1960),27.0
1163,"Pompatus of Love, The (1996)",7.0
1164,Ponette (1996),10.0
1165,"Portrait of a Lady, The (1996)",25.0
1166,"Postino, Il (1994)",183.0
1167,"Postman, The (1997)",58.0
1168,Powder (1995),48.0
1169,Power 98 (1995),1.0
1170,"Preacher's Wife, The (1996)",68.0
1171,Prefontaine (1997),3.0
1172,Pretty Woman (1990),164.0
1173,"Price Above Rubies, A (1998)",3.0
1174,Priest (1994),40.0
1175,Primal Fear (1996),178.0
1176,Primary Colors (1998),13.0
1177,"Princess Bride, The (1987)",324.0
1178,Princess Caraboo (1994),15.0
1179,Prisoner of the Mountains (Kavkazsky Plennik) (1996),5.0
1180,Private Benjamin (1980),67.0
1181,Private Parts (1997),100.0
1182,"Professional, The (1994)",149.0
1183,"Program, The (1993)",31.0
1184,"Promesse, La (1996)",6.0
1185,"Promise, The (Versprechen, Das) (1994)",1.0
1186,"Prophecy II, The (1998)",20.0
1187,"Prophecy, The (1995)",32.0
1188,Psycho (1960),239.0
1189,Pulp Fiction (1994),394.0
1190,Pump Up the Volume (1990),79.0
1191,Purple Noon (1960),7.0
1192,Pushing Hands (1992),2.0
1193,"Pyromaniac's Love Story, A (1995)",7.0
1194,Quartier Mozart (1992),1.0
1195,"Queen Margot (Reine Margot, La) (1994)",24.0
1196,"Quest, The (1996)",27.0
1197,"Quick and the Dead, The (1995)",48.0
1198,"Quiet Man, The (1952)",67.0
1199,"Quiet Room, The (1996)",3.0
1200,Quiz Show (1994),175.0
1201,Race the Sun (1996),5.0
1202,Radioland Murders (1994),12.0
1203,Raging Bull (1980),116.0
1204,Raiders of the Lost Ark (1981),420.0
1205,"Rainmaker, The (1997)",145.0
1206,Raise the Red Lantern (1991),58.0
1207,Raising Arizona (1987),256.0
1208,Ran (1985),70.0
1209,Ransom (1996),267.0
1210,Raw Deal (1948),1.0
1211,Ready to Wear (Pret-A-Porter) (1994),18.0
1212,Real Genius (1985),119.0
1213,Reality Bites (1994),77.0
1214,Rear Window (1954),209.0
1215,Rebecca (1940),66.0
1216,Rebel Without a Cause (1955),90.0
1217,Reckless (1995),8.0
1218,Red Corner (1997),57.0
1219,"Red Firecracker, Green Firecracker (1994)",13.0
1220,Red Rock West (1992),52.0
1221,"Ref, The (1994)",58.0
1222,Relative Fear (1994),3.0
1223,"Relic, The (1997)",25.0
1224,"Reluctant Debutante, The (1958)",1.0
1225,"Remains of the Day, The (1993)",150.0
1226,Renaissance Man (1994),43.0
1227,"Rendezvous in Paris (Rendez-vous de Paris, Les) (1995)",3.0
1228,Rent-a-Kid (1995),8.0
1229,"Replacement Killers, The (1998)",39.0
1230,Reservoir Dogs (1992),148.0
1231,Restoration (1995),71.0
1232,"Return of Martin Guerre, The (Retour de Martin Guerre, Le) (1982)",44.0
1233,Return of the Jedi (1983),507.0
1234,"Return of the Pink Panther, The (1974)",92.0
1235,Rhyme & Reason (1997),5.0
1236,"Rich Man's Wife, The (1996)",15.0
1237,Richard III (1995),89.0
1238,Richie Rich (1994),21.0
1239,Ridicule (1996),44.0
1240,"Right Stuff, The (1983)",157.0
1241,Ripe (1996),1.0
1242,Rising Sun (1993),43.0
1243,"River Wild, The (1994)",146.0
1244,"Road to Wellville, The (1994)",17.0
1245,Rob Roy (1995),92.0
1246,Robert A. Heinlein's The Puppet Masters (1994),18.0
1247,Robin Hood: Men in Tights (1993),56.0
1248,Robin Hood: Prince of Thieves (1991),75.0
1249,Robocop 3 (1993),11.0
1250,"Rock, The (1996)",378.0
1251,Rocket Man (1997),49.0
1252,Roman Holiday (1953),68.0
1253,Romeo Is Bleeding (1993),37.0
1254,Romper Stomper (1992),5.0
1255,Romy and Michele's High School Reunion (1997),98.0
1256,"Room with a View, A (1986)",134.0
1257,Roommates (1995),13.0
1258,Roseanna's Grave (For Roseanna) (1997),5.0
1259,Rosencrantz and Guildenstern Are Dead (1990),90.0
1260,Rosewood (1997),114.0
1261,Rough Magic (1995),2.0
1262,Ruby in Paradise (1993),23.0
1263,Rudy (1993),64.0
1264,"Ruling Class, The (1972)",16.0
1265,Rumble in the Bronx (1995),174.0
1266,"Run of the Country, The (1995)",4.0
1267,S.F.W. (1994),2.0
1268,Sabrina (1954),64.0
1269,Sabrina (1995),190.0
1270,Safe (1995),13.0
1271,Safe Passage (1994),2.0
1272,"Saint of Fort Washington, The (1993)",2.0
1273,"Saint, The (1997)",316.0
1274,Salut cousin! (1996),2.0
1275,"Santa Clause, The (1994)",82.0
1276,Santa with Muscles (1996),2.0
1277,"Savage Nights (Nuits fauves, Les) (1992)",3.0
1278,"Scarlet Letter, The (1926)",2.0
1279,"Scarlet Letter, The (1995)",5.0
1280,Schindler's List (1993),298.0
1281,Schizopolis (1996),4.0
1282,"Scout, The (1994)",12.0
1283,Scream (1996),478.0
1284,Scream 2 (1997),106.0
1285,Scream of Stone (Schrei aus Stein) (1991),1.0
1286,Screamers (1995),46.0
1287,"Search for One-eye Jimmy, The (1996)",3.0
1288,Searching for Bobby Fischer (1993),138.0
1289,"Second Jungle Book: Mowgli & Baloo, The (1997)",6.0
1290,"Secret Adventures of Tom Thumb, The (1993)",5.0
1291,"Secret Agent, The (1996)",6.0
1292,"Secret Garden, The (1993)",79.0
1293,"Secret of Roan Inish, The (1994)",71.0
1294,Secrets & Lies (1996),162.0
1295,Selena (1997),16.0
1296,Sense and Sensibility (1995),268.0
1297,Senseless (1998),7.0
1298,Serial Mom (1994),54.0
1299,Set It Off (1996),19.0
1300,Seven (Se7en) (1995),236.0
1301,Seven Years in Tibet (1997),155.0
1302,"Seventh Seal, The (Sjunde inseglet, Det) (1957)",72.0
1303,"Sex, Lies, and Videotape (1989)",101.0
1304,"Sexual Life of the Belgians, The (1994)",2.0
1305,Sgt. Bilko (1996),74.0
1306,Shadow Conspiracy (1997),44.0
1307,Shadow of Angels (Schatten der Engel) (1976),1.0
1308,"Shadow, The (1994)",45.0
1309,Shadowlands (1993),78.0
1310,Shadows (Cienie) (1988),1.0
1311,"Shaggy Dog, The (1959)",30.0
1312,Shall We Dance? (1937),17.0
1313,Shall We Dance? (1996),46.0
1314,Shallow Grave (1994),66.0
1315,Shanghai Triad (Yao a yao yao dao waipo qiao) (1995),26.0
1316,"Shawshank Redemption, The (1994)",283.0
1317,She's So Lovely (1997),53.0
1318,She's the One (1996),73.0
1319,Shiloh (1997),12.0
1320,Shine (1996),129.0
1321,"Shining, The (1980)",206.0
1322,"Shooter, The (1995)",3.0
1323,Shooting Fish (1997),10.0
1324,Shopping (1994),1.0
1325,Short Cuts (1993),67.0
1326,"Show, The (1995)",2.0
1327,Showgirls (1995),23.0
1328,"Silence of the Lambs, The (1991)",390.0
1329,"Silence of the Palace, The (Saimt el Qusur) (1994)",1.0
1330,"Simple Twist of Fate, A (1994)",10.0
1331,"Simple Wish, A (1997)",3.0
1332,Singin' in the Rain (1952),137.0
1333,Sirens (1994),59.0
1334,Six Degrees of Separation (1993),74.0
1335,"Sixth Man, The (1997)",9.0
1336,Sleeper (1973),82.0
1337,Sleepers (1996),169.0
1338,Sleepless in Seattle (1993),213.0
1339,Sleepover (1995),1.0
1340,Sliding Doors (1998),5.0
1341,Sling Blade (1996),136.0
1342,"Slingshot, The (1993)",2.0
1343,Sliver (1993),37.0
1344,Small Faces (1995),1.0
1345,"Smile Like Yours, A (1997)",25.0
1346,Smilla's Sense of Snow (1997),48.0
1347,Smoke (1995),74.0
1348,Sneakers (1992),150.0
1349,Snow White and the Seven Dwarfs (1937),172.0
1350,So Dear to My Heart (1949),4.0
1351,So I Married an Axe Murderer (1993),95.0
1352,Solo (1996),12.0
1353,Some Folks Call It a Sling Blade (1993),41.0
1354,Some Kind of Wonderful (1987),59.0
1355,Some Like It Hot (1959),128.0
1356,Some Mother's Son (1996),2.0
1357,Somebody to Love (1994),2.0
1358,Someone Else's America (1995),1.0
1359,Something to Talk About (1995),26.0
1360,Somewhere in Time (1980),82.0
1361,Son in Law (1993),39.0
1362,Sophie's Choice (1982),58.0
1363,Soul Food (1997),59.0
1364,"Sound of Music, The (1965)",222.0
1365,Space Jam (1996),93.0
1366,"Spanish Prisoner, The (1997)",1.0
1367,Spanking the Monkey (1994),27.0
1368,Spawn (1997),143.0
1369,"Specialist, The (1994)",20.0
1370,Species (1995),45.0
1371,Speechless (1994),36.0
1372,Speed (1994),230.0
1373,Speed 2: Cruise Control (1997),38.0
1374,Spellbound (1945),30.0
1375,Sphere (1998),41.0
1376,Spice World (1997),26.0
1377,Spirits of the Dead (Tre passi nel delirio) (1968),2.0
1378,"Spitfire Grill, The (1996)",97.0
1379,Sprung (1997),3.0
1380,Spy Hard (1996),43.0
1381,Squeeze (1996),3.0
1382,Stag (1997),9.0
1383,Stalingrad (1993),12.0
1384,Stalker (1979),11.0
1385,Stand by Me (1986),227.0
1386,Star Kid (1997),3.0
1387,"Star Maker, The (Uomo delle stelle, L') (1995)",12.0
1388,Star Maps (1997),19.0
1389,Star Trek III: The Search for Spock (1984),171.0
1390,Star Trek IV: The Voyage Home (1986),199.0
1391,Star Trek V: The Final Frontier (1989),63.0
1392,Star Trek VI: The Undiscovered Country (1991),161.0
1393,Star Trek: First Contact (1996),365.0
1394,Star Trek: Generations (1994),116.0
1395,Star Trek: The Motion Picture (1979),117.0
1396,Star Trek: The Wrath of Khan (1982),244.0
1397,Star Wars (1977),584.0
1398,Stargate (1994),127.0
1399,"Stars Fell on Henrietta, The (1995)",3.0
1400,Starship Troopers (1997),211.0
1401,"Steal Big, Steal Little (1995)",7.0
1402,Stealing Beauty (1996),64.0
1403,Steel (1997),19.0
1404,Stefano Quantestorie (1993),1.0
1405,Stephen King's The Langoliers (1995),29.0
1406,"Sting, The (1973)",241.0
1407,Stonewall (1995),5.0
1408,"Story of Xinghua, The (1993)",5.0
1409,Strange Days (1995),87.0
1410,Stranger in the House (1997),7.0
1411,"Stranger, The (1994)",3.0
1412,Strawberry and Chocolate (Fresa y chocolate) (1993),11.0
1413,Street Fighter (1994),8.0
1414,"Streetcar Named Desire, A (1951)",98.0
1415,Strictly Ballroom (1992),104.0
1416,Striking Distance (1993),12.0
1417,Stripes (1981),5.0
1418,Striptease (1996),67.0
1419,Stuart Saves His Family (1995),16.0
1420,"Stupids, The (1996)",17.0
1421,SubUrbia (1997),12.0
1422,"Substance of Fire, The (1996)",4.0
1423,"Substitute, The (1996)",49.0
1424,Sudden Death (1995),47.0
1425,Sudden Manhattan (1996),2.0
1426,"Sum of Us, The (1994)",11.0
1427,"Sunchaser, The (1996)",1.0
1428,Sunset Blvd. (1950),65.0
1429,Sunset Park (1996),8.0
1430,Super Mario Bros. (1993),26.0
1431,Supercop (1992),65.0
1432,Surviving Picasso (1996),19.0
1433,Surviving the Game (1994),11.0
1434,Suture (1993),4.0
1435,"Swan Princess, The (1994)",7.0
1436,"Sweet Hereafter, The (1997)",44.0
1437,Sweet Nothing (1995),1.0
1438,Swept from the Sea (1997),7.0
1439,Swimming with Sharks (1995),47.0
1440,Swingers (1996),157.0
1441,Swiss Family Robinson (1960),39.0
1442,Switchback (1997),17.0
1443,Switchblade Sisters (1975),13.0
1444,"Sword in the Stone, The (1963)",82.0
1445,"Symphonie pastorale, La (1946)",1.0
1446,T-Men (1947),1.0
1447,Tainted (1998),1.0
1448,Tales From the Crypt Presents: Demon Knight (1995),43.0
1449,Tales from the Crypt Presents: Bordello of Blood (1996),55.0
1450,Tales from the Hood (1995),27.0
1451,Talking About Sex (1994),5.0
1452,"Tango Lesson, The (1997)",13.0
1453,Tank Girl (1995),41.0
1454,Target (1995),1.0
1455,Taxi Driver (1976),182.0
1456,Telling Lies in America (1997),13.0
1457,Temptress Moon (Feng Yue) (1996),3.0
1458,Terminal Velocity (1994),34.0
1459,Terminator 2: Judgment Day (1991),295.0
1460,"Terminator, The (1984)",301.0
1461,Terror in a Texas Town (1958),1.0
1462,Tetsuo II: Body Hammer (1992),6.0
1463,That Darn Cat! (1965),19.0
1464,That Darn Cat! (1997),41.0
1465,That Old Feeling (1997),11.0
1466,That Thing You Do! (1996),176.0
1467,The Courtyard (1995),1.0
1468,The Deadly Cure (1996),2.0
1469,The Innocent (1994),4.0
1470,Theodore Rex (1995),5.0
1471,They Made Me a Criminal (1939),1.0
1472,"Thieves (Voleurs, Les) (1996)",7.0
1473,"Thin Blue Line, The (1988)",35.0
1474,"Thin Line Between Love and Hate, A (1996)",12.0
1475,"Thin Man, The (1934)",60.0
1476,Things to Do in Denver when You're Dead (1995),71.0
1477,Thinner (1996),49.0
1478,"Third Man, The (1949)",72.0
1479,Thirty-Two Short Films About Glenn Gould (1993),18.0
1480,This Is Spinal Tap (1984),191.0
1481,"Thousand Acres, A (1997)",37.0
1482,"Three Caballeros, The (1945)",22.0
1483,Three Colors: Blue (1993),64.0
1484,Three Colors: Red (1994),83.0
1485,Three Colors: White (1994),59.0
1486,Three Lives and Only One Death (1996),1.0
1487,"Three Musketeers, The (1993)",89.0
1488,Three Wishes (1995),9.0
1489,Threesome (1994),31.0
1490,Tie Me Up! Tie Me Down! (1990),32.0
1491,"Tie That Binds, The (1995)",7.0
1492,Tigrero: A Film That Was Never Made (1994),1.0
1493,Time Tracers (1995),2.0
1494,"Time to Kill, A (1996)",232.0
1495,Timecop (1994),31.0
1496,Tin Cup (1996),193.0
1497,"Tin Drum, The (Blechtrommel, Die) (1979)",40.0
1498,Tin Men (1987),51.0
1499,Titanic (1997),350.0
1500,To Be or Not to Be (1942),18.0
1501,To Catch a Thief (1955),50.0
1502,To Cross the Rubicon (1991),1.0
1503,To Die For (1995),87.0
1504,To Gillian on Her 37th Birthday (1996),44.0
1505,"To Have, or Not (1995)",2.0
1506,To Kill a Mockingbird (1962),219.0
1507,To Live (Huozhe) (1994),14.0
1508,"To Wong Foo, Thanks for Everything! Julie Newmar (1995)",57.0
1509,Tokyo Fist (1995),1.0
1510,Tom & Viv (1994),9.0
1511,Tom and Huck (1995),12.0
1512,Tombstone (1993),108.0
1513,Tommy Boy (1995),66.0
1514,Tomorrow Never Dies (1997),180.0
1515,Top Gun (1986),220.0
1516,Top Hat (1935),21.0
1517,Total Eclipse (1995),4.0
1518,Touch (1997),9.0
1519,Touch of Evil (1958),34.0
1520,Tough and Deadly (1995),2.0
1521,Touki Bouki (Journey of the Hyena) (1973),1.0
1522,Toy Story (1995),452.0
1523,Trainspotting (1996),250.0
1524,"Transformers: The Movie, The (1986)",32.0
1525,Traveller (1997),13.0
1526,"Treasure of the Sierra Madre, The (1948)",80.0
1527,Trees Lounge (1996),50.0
1528,Trial and Error (1997),23.0
1529,Trial by Jury (1994),7.0
1530,"Trigger Effect, The (1996)",35.0
1531,True Crime (1995),9.0
1532,True Lies (1994),208.0
1533,True Romance (1993),104.0
1534,"Truman Show, The (1998)",11.0
1535,Trust (1990),19.0
1536,"Truth About Cats & Dogs, The (1996)",272.0
1537,"Truth or Consequences, N.M. (1997)",3.0
1538,Turbo: A Power Rangers Movie (1997),5.0
1539,Turbulence (1997),23.0
1540,"Turning, The (1992)",2.0
1541,Twelfth Night (1996),29.0
1542,Twelve Monkeys (1995),392.0
1543,Twilight (1998),4.0
1544,Twin Town (1997),6.0
1545,Twisted (1996),6.0
1546,Twister (1996),293.0
1547,Two Bits (1995),5.0
1548,Two Deaths (1995),4.0
1549,Two Friends (1986) ,1.0
1550,Two Much (1996),7.0
1551,Two if by Sea (1996),25.0
1552,Two or Three Things I Know About Her (1966),4.0
1553,U Turn (1997),64.0
1554,U.S. Marshalls (1998),9.0
1555,Ulee's Gold (1997),184.0
1556,"Umbrellas of Cherbourg, The (Parapluies de Cherbourg, Les) (1964)",21.0
1557,"Unbearable Lightness of Being, The (1988)",92.0
1558,Under Siege (1992),124.0
1559,Under Siege 2: Dark Territory (1995),48.0
1560,Underground (1995),5.0
1561,"Underneath, The (1995)",4.0
1562,Underworld (1997),4.0
1563,Unforgettable (1996),34.0
1564,Unforgiven (1992),182.0
1565,Unhook the Stars (1996),10.0
1566,Unstrung Heroes (1995),22.0
1567,Until the End of the World (Bis ans Ende der Welt) (1991),23.0
1568,Unzipped (1995),11.0
1569,Up Close and Personal (1996),85.0
1570,Up in Smoke (1978),47.0
1571,"Usual Suspects, The (1995)",267.0
1572,Vampire in Brooklyn (1995),12.0
1573,"Van, The (1996)",6.0
1574,Vanya on 42nd Street (1994),27.0
1575,Vegas Vacation (1997),75.0
1576,Venice/Venice (1992),2.0
1577,Vermin (1998),2.0
1578,Vermont Is For Lovers (1992),1.0
1579,Vertigo (1958),179.0
1580,"Very Brady Sequel, A (1996)",93.0
1581,"Very Natural Thing, A (1974)",1.0
1582,Victor/Victoria (1982),77.0
1583,"Vie est belle, La (Life is Rosey) (1987)",1.0
1584,Village of the Damned (1995),22.0
1585,Virtuosity (1995),38.0
1586,"Visitors, The (Visiteurs, Les) (1993)",2.0
1587,Volcano (1997),219.0
1588,Wag the Dog (1997),137.0
1589,Waiting for Guffman (1996),47.0
1590,Waiting to Exhale (1995),16.0
1591,"Walk in the Clouds, A (1995)",63.0
1592,"Walk in the Sun, A (1945)",1.0
1593,Walkabout (1971),26.0
1594,"Walking Dead, The (1995)",4.0
1595,Walking and Talking (1996),8.0
1596,Wallace & Gromit: The Best of Aardman Animation (1996),67.0
1597,"War Room, The (1993)",9.0
1598,"War at Home, The (1996)",1.0
1599,"War, The (1994)",15.0
1600,Warriors of Virtue (1997),10.0
1601,Washington Square (1997),34.0
1602,Waterworld (1995),102.0
1603,Wedding Bell Blues (1996),1.0
1604,"Wedding Gift, The (1994)",3.0
1605,"Wedding Singer, The (1998)",72.0
1606,Weekend at Bernie's (1989),60.0
1607,Welcome To Sarajevo (1997),22.0
1608,Welcome to the Dollhouse (1995),112.0
1609,Wend Kuuni (God's Gift) (1982),1.0
1610,Wes Craven's New Nightmare (1994),35.0
1611,What Happened Was... (1994),8.0
1612,What's Eating Gilbert Grape (1993),115.0
1613,What's Love Got to Do with It (1993),45.0
1614,When Harry Met Sally... (1989),290.0
1615,When Night Is Falling (1995),5.0
1616,When We Were Kings (1996),44.0
1617,When a Man Loves a Woman (1994),39.0
1618,When the Cats Away (Chacun cherche son chat) (1996),16.0
1619,While You Were Sleeping (1995),162.0
1620,"White Balloon, The (1995)",10.0
1621,White Man's Burden (1995),10.0
1622,White Squall (1996),85.0
1623,"Whole Wide World, The (1996)",6.0
1624,Widows' Peak (1994),19.0
1625,"Wife, The (1995)",1.0
1626,Wild America (1997),9.0
1627,Wild Bill (1995),12.0
1628,"Wild Bunch, The (1969)",43.0
1629,Wild Reeds (1994),14.0
1630,Wild Things (1998),11.0
1631,William Shakespeare's Romeo and Juliet (1996),106.0
1632,Willy Wonka and the Chocolate Factory (1971),326.0
1633,Window to Paris (1994),1.0
1634,Wings of Courage (1995),1.0
1635,Wings of Desire (1987),57.0
1636,"Wings of the Dove, The (1997)",75.0
1637,Winnie the Pooh and the Blustery Day (1968),75.0
1638,"Winter Guest, The (1997)",9.0
1639,Wishmaster (1997),27.0
1640,With Honors (1994),46.0
1641,Withnail and I (1987),13.0
1642,Witness (1985),1.0
1643,"Wizard of Oz, The (1939)",246.0
1644,Wolf (1994),67.0
1645,"Woman in Question, The (1950)",1.0
1646,"Women, The (1939)",15.0
1647,"Wonderful, Horrible Life of Leni Riefenstahl, The (1993)",10.0
1648,Wonderland (1997),10.0
1649,"Wooden Man's Bride, The (Wu Kui) (1994)",3.0
1650,"World of Apu, The (Apur Sansar) (1959)",6.0
1651,"Wrong Trousers, The (1993)",118.0
1652,Wyatt Earp (1994),50.0
1653,Yankee Zulu (1994),1.0
1654,Year of the Horse (1997),7.0
1655,You So Crazy (1994),1.0
1656,Young Frankenstein (1974),200.0
1657,Young Guns (1988),101.0
1658,Young Guns II (1990),44.0
1659,"Young Poisoner's Handbook, The (1995)",41.0
1660,Zeus and Roxanne (1997),6.0
1661,unknown,9.0
1662,Á köldum klaka (Cold Fever) (1994),1.0
