,'Til There Was You (1997),2.3333333333333335
0,1-900 (1994),2.6
1,101 Dalmatians (1996),2.9082568807339446
2,12 Angry Men (1957),4.343999999999999
3,187 (1997),3.024390243902439
4,2 Days in the Valley (1996),3.2258064516129035
5,"20,000 Leagues Under the Sea (1954)",3.5
6,2001: A Space Odyssey (1968),3.9691119691119687
7,3 Ninjas: High Noon At Mega Mountain (1998),1.0
8,"39 Steps, The (1935)",4.050847457627119
9,8 1/2 (1963),3.8157894736842106
10,8 Heads in a Duffel Bag (1997),3.25
11,8 Seconds (1994),3.75
12,A Chef in Love (1996),4.125
13,Above the Rim (1994),3.0
14,Absolute Power (1997),3.37007874015748
15,"Abyss, The (1989)",3.5894039735099335
16,Ace Ventura: Pet Detective (1994),3.0485436893203883
17,Ace Ventura: When Nature Calls (1995),2.675675675675676
18,Across the Sea of Time (1995),2.75
19,Addams Family Values (1993),2.8160919540229883
20,Addicted to Love (1997),3.1666666666666665
21,"Addiction, The (1995)",2.1818181818181817
22,"Adventures of Pinocchio, The (1996)",3.051282051282051
23,"Adventures of Priscilla, Queen of the Desert, The (1994)",3.5945945945945947
24,"Adventures of Robin Hood, The (1938)",3.7910447761194033
25,"Affair to Remember, An (1957)",4.1923076923076925
26,"African Queen, The (1951)",4.1842105263157885
27,Afterglow (1997),3.111111111111111
28,"Age of Innocence, The (1993)",3.3846153846153846
29,Aiqing wansui (1994),5.0
30,Air Bud (1997),2.5581395348837206
31,Air Force One (1997),3.6310904872389793
32,"Air Up There, The (1994)",2.8125
33,Airheads (1994),2.34375
34,Akira (1988),3.38
35,Aladdin (1992),3.8127853881278537
36,Aladdin and the King of Thieves (1996),2.8461538461538463
37,Alaska (1996),2.6923076923076925
38,Albino Alligator (1996),2.5
39,Alice in Wonderland (1951),3.6666666666666665
40,Alien (1979),4.034364261168385
41,Alien 3 (1992),2.83
42,Alien: Resurrection (1997),3.0967741935483866
43,Aliens (1986),3.9471830985915495
44,All About Eve (1950),4.045454545454546
45,All Dogs Go to Heaven 2 (1996),1.8666666666666667
46,All Over Me (1997),3.0
47,All Things Fair (1996),3.0
48,Alphaville (1965),3.333333333333333
49,Amadeus (1984),4.163043478260869
50,Amateur (1994),3.1666666666666665
51,"Amazing Panda Adventure, The (1995)",2.8
52,American Buffalo (1996),2.636363636363636
53,American Dream (1990),2.5
54,"American President, The (1995)",3.6280487804878048
55,American Strays (1996),2.0
56,"American Werewolf in London, An (1981)",3.5353535353535355
57,"American in Paris, An (1951)",3.7
58,Amistad (1997),3.85483870967742
59,Amityville 1992: It's About Time (1992),1.0
60,Amityville 3-D (1983),1.1666666666666667
61,"Amityville Curse, The (1990)",1.25
62,"Amityville Horror, The (1979)",2.5660377358490565
63,Amityville II: The Possession (1982),1.6428571428571428
64,Amityville: A New Generation (1993),1.0
65,Amityville: Dollhouse (1996),1.0
66,Amos & Andrew (1993),2.6842105263157894
67,An Unforgettable Summer (1994),2.5
68,Anaconda (1997),2.2894736842105257
69,Anastasia (1997),3.4242424242424243
70,Andre (1994),3.111111111111111
71,Angel Baby (1995),3.75
72,Angel and the Badman (1947),3.0
73,Angel on My Shoulder (1946),2.0
74,Angela (1995),3.0
75,Angels and Insects (1995),3.4166666666666665
76,Angels in the Outfield (1994),2.9230769230769234
77,Angus (1995),2.642857142857143
78,Anna (1996),4.5
79,Anna Karenina (1997),3.0909090909090913
80,Anne Frank Remembered (1995),3.8571428571428568
81,Annie Hall (1977),3.911111111111111
82,Another Stakeout (1993),2.5
83,Antonia's Line (1995),3.9565217391304346
84,Aparajito (1956),3.571428571428572
85,"Apartment, The (1960)",3.936507936507936
86,Apocalypse Now (1979),4.04524886877828
87,Apollo 13 (1995),3.931159420289855
88,"Apostle, The (1997)",3.654545454545455
89,"Apple Dumpling Gang, The (1975)",2.84
90,April Fool's Day (1986),2.6666666666666665
91,Apt Pupil (1998),4.1
92,"Aristocats, The (1970)",3.1296296296296298
93,Army of Darkness (1993),3.431034482758621
94,Around the World in 80 Days (1956),3.6610169491525424
95,"Arrival, The (1996)",3.036144578313253
96,Arsenic and Old Lace (1944),4.0782608695652165
97,As Good As It Gets (1997),4.196428571428571
98,Assassins (1995),2.8717948717948723
99,"Assignment, The (1997)",3.5
100,"Associate, The (1996)",3.2439024390243905
101,Audrey Rose (1977),2.1666666666666665
102,August (1996),1.0
103,Austin Powers: International Man of Mystery (1997),3.246153846153846
104,"Awfully Big Adventure, An (1995)",2.375
105,Ayn Rand: A Sense of Life (1997),3.1428571428571432
106,B*A*P*S (1997),1.6666666666666667
107,B. Monkey (1998),3.0
108,Babe (1995),3.9954337899543377
109,"Baby-Sitters Club, The (1995)",2.5
110,Babyfever (1994),1.0
111,"Babysitter, The (1995)",2.333333333333333
112,Back to the Future (1985),3.834285714285714
113,Backbeat (1993),3.4736842105263164
114,Bad Boys (1995),3.1052631578947367
115,Bad Company (1995),2.2222222222222223
116,Bad Girls (1994),1.8333333333333333
117,Bad Moon (1996),2.6666666666666665
118,Bad Taste (1987),3.375
119,"Ballad of Narayama, The (Narayama Bushiko) (1958)",2.75
120,Balto (1995),3.0
121,Bananas (1971),3.701754385964912
122,"Band Wagon, The (1953)",3.6666666666666665
123,Barb Wire (1996),1.9333333333333331
124,Barbarella (1968),2.571428571428572
125,Barcelona (1994),3.018867924528302
126,Basic Instinct (1992),3.2277227722772284
127,"Basketball Diaries, The (1995)",3.425
128,Basquiat (1996),3.25
129,Bastard Out of Carolina (1996),2.875
130,Batman & Robin (1997),2.4516129032258065
131,Batman (1989),3.4278606965174134
132,Batman Forever (1995),2.6666666666666665
133,Batman Returns (1992),2.683098591549296
134,Baton Rouge (1988),1.0
135,Bean (1997),2.659340659340659
136,"Beans of Egypt, Maine, The (1994)",3.5
137,Beat the Devil (1954),3.7142857142857135
138,"Beautician and the Beast, The (1997)",2.313953488372093
139,Beautiful Girls (1996),3.391304347826087
140,Beautiful Thing (1996),3.9655172413793114
141,Beauty and the Beast (1991),3.792079207920792
142,Beavis and Butt-head Do America (1996),2.7884615384615383
143,Bed of Roses (1996),3.2333333333333334
144,Bedknobs and Broomsticks (1971),3.0701754385964914
145,Before Sunrise (1995),3.4081632653061225
146,Before and After (1996),2.8461538461538463
147,Before the Rain (Pred dozhdot) (1994),3.8
148,Being Human (1993),1.75
149,Being There (1979),3.905172413793104
150,"Believers, The (1987)",2.25
151,Belle de jour (1967),3.9459459459459465
152,Ben-Hur (1959),3.8306451612903225
153,Benny & Joon (1993),3.4607843137254903
154,Bent (1997),2.6666666666666665
155,Best Men (1997),3.4
156,Best of the Best 3: No Turning Back (1995),1.5
157,Better Off Dead... (1985),3.5696202531645564
158,"Beverly Hillbillies, The (1993)",2.25
159,Beverly Hills Cop III (1994),2.392857142857143
160,Beverly Hills Ninja (1997),2.3125
161,"Bewegte Mann, Der (1994)",3.6666666666666665
162,Beyond Bedlam (1993),1.0
163,Beyond Rangoon (1995),3.055555555555556
164,Bhaji on the Beach (1993),2.875
165,"Big Bang Theory, The (1994)",4.0
166,"Big Blue, The (Grand bleu, Le) (1988)",3.2352941176470584
167,Big Bully (1996),1.8571428571428568
168,"Big Green, The (1995)",2.5
169,"Big Lebowski, The (1998)",3.8333333333333335
170,Big Night (1996),3.900584795321637
171,"Big One, The (1997)",3.0
172,"Big Sleep, The (1946)",4.027397260273974
173,"Big Squeeze, The (1996)",2.25
174,Billy Madison (1995),3.081081081081081
175,Bio-Dome (1996),1.903225806451613
176,Bird of Prey (1996),1.0
177,"Birdcage, The (1996)",3.4436860068259385
178,"Birds, The (1963)",3.8086419753086425
179,Bitter Moon (1992),3.3
180,Bitter Sugar (Azucar Amargo) (1996),4.333333333333333
181,Black Beauty (1994),3.4444444444444446
182,Black Sheep (1996),2.636363636363636
183,Blade Runner (1982),4.138181818181818
184,Blink (1994),3.0
185,Bliss (1997),2.571428571428572
186,"Blob, The (1958)",2.717391304347826
187,Blood & Wine (1997),2.863636363636364
188,Blood Beach (1981),2.1666666666666665
189,Blood For Dracula (Andy Warhol's Dracula) (1974),2.4
190,Bloodsport 2 (1995),1.7
191,"Bloody Child, The (1996)",1.0
192,Blown Away (1994),2.7586206896551726
193,"Blue Angel, The (Blaue Engel, Der) (1930)",3.7777777777777777
194,Blue Chips (1994),2.6666666666666665
195,Blue Sky (1994),3.4166666666666665
196,Blue in the Face (1995),3.1777777777777776
197,Blues Brothers 2000 (1998),2.821428571428572
198,"Blues Brothers, The (1980)",3.836653386454184
199,Bob Roberts (1992),3.7411764705882353
200,Body Parts (1991),1.6153846153846154
201,"Body Snatcher, The (1945)",3.5
202,Body Snatchers (1993),2.971014492753623
203,Bogus (1996),2.5454545454545454
204,"Bonheur, Le (1965)",2.0
205,Bonnie and Clyde (1967),3.819672131147541
206,Boogie Nights (1997),3.5873015873015874
207,Boomerang (1992),2.8125
208,"Boot, Das (1981)",4.2039800995024885
209,Booty Call (1997),2.1666666666666665
210,Bottle Rocket (1996),3.4545454545454546
211,Bound (1996),3.821705426356589
212,Boxing Helena (1993),2.2
213,Boy's Life 2 (1997),3.333333333333333
214,Boys (1996),3.333333333333333
215,Boys Life (1995),3.2
216,Boys in Venice (1996),1.0
217,"Boys of St. Vincent, The (1993)",3.3846153846153846
218,Boys on the Side (1995),3.147058823529412
219,"Boys, Les (1997)",3.333333333333333
220,"Brady Bunch Movie, The (1995)",2.8026315789473686
221,Braindead (1992),3.8571428571428568
222,Bram Stoker's Dracula (1992),3.158333333333333
223,Brassed Off (1996),3.9375
224,Braveheart (1995),4.151515151515151
225,Brazil (1985),3.817307692307693
226,Bread and Chocolate (Pane e cioccolata) (1973),3.1666666666666665
227,Breakdown (1997),3.4025974025974026
228,Breakfast at Tiffany's (1961),3.726315789473684
229,Breaking the Waves (1996),3.72972972972973
230,Bride of Frankenstein (1935),3.608695652173913
231,"Bridge on the River Kwai, The (1957)",4.175757575757577
232,"Bridges of Madison County, The (1995)",3.164179104477612
233,Bringing Up Baby (1938),3.8382352941176467
234,Broken Arrow (1996),3.0314960629921264
235,Broken English (1996),2.25
236,"Bronx Tale, A (1993)",3.7916666666666665
237,Brother Minister: The Assassination of Malcolm X (1994),3.0
238,"Brother's Kiss, A (1997)",2.0
239,"Brothers McMullen, The (1995)",3.4520547945205484
240,Brothers in Trouble (1995),4.0
241,"Browning Version, The (1994)",3.0
242,Buddy (1997),2.25
243,Bulletproof (1996),3.204081632653061
244,Bullets Over Broadway (1994),3.72093023255814
245,Burnt By the Sun (1994),3.7083333333333335
246,Burnt Offerings (1976),2.4444444444444446
247,Bushwhacked (1995),1.5714285714285714
248,Butch Cassidy and the Sundance Kid (1969),3.9490740740740735
249,"Butcher Boy, The (1998)",4.0
250,Butterfly Kiss (1995),1.0
251,"Bye Bye, Love (1995)",3.1333333333333333
252,C'est arrivé près de chez vous (1992),3.0
253,Cabin Boy (1994),2.5625
254,"Cable Guy, The (1996)",2.339622641509434
255,Calendar Girl (1993),2.0
256,Canadian Bacon (1994),2.413793103448276
257,"Candidate, The (1972)",3.641025641025641
258,Candyman (1992),2.7230769230769236
259,Candyman: Farewell to the Flesh (1995),2.4285714285714284
260,Cape Fear (1962),3.5232558139534884
261,Cape Fear (1991),3.456140350877193
262,Captives (1994),2.333333333333333
263,Career Girls (1997),3.2564102564102564
264,Careful (1992),1.0
265,Carlito's Way (1993),3.4074074074074074
266,Carmen Miranda: Bananas Is My Business (1994),1.5
267,Caro Diario (Dear Diary) (1994),2.75
268,Carpool (1996),2.8
269,Carrie (1976),3.5041322314049586
270,Carried Away (1996),3.0
271,Carrington (1995),3.2307692307692313
272,Casablanca (1942),4.4567901234567895
273,Casino (1995),3.648351648351648
274,Casper (1995),3.0769230769230766
275,Castle Freak (1995),1.25
276,Cat People (1982),2.895833333333333
277,Cat on a Hot Tin Roof (1958),3.9516129032258074
278,Cats Don't Dance (1997),2.84375
279,Catwalk (1995),1.3333333333333333
280,Caught (1996),3.25
281,Celestial Clockwork (1994),4.0
282,"Celluloid Closet, The (1995)",3.8928571428571432
283,Celtic Pride (1996),2.2
284,"Cement Garden, The (1993)",3.6
285,Cemetery Man (Dellamorte Dellamore) (1994),2.8695652173913038
286,Century (1993),3.0
287,Chain Reaction (1996),2.7
288,Chairman of the Board (1998),2.2222222222222223
289,"Chamber, The (1996)",3.0930232558139537
290,Charade (1963),3.925
291,Chasers (1994),2.2
292,Chasing Amy (1997),3.8390501319261214
293,Children of the Corn: The Gathering (1996),1.3157894736842106
294,Children of the Revolution (1996),3.2
295,Chinatown (1974),4.1360544217687085
296,"Christmas Carol, A (1938)",4.057971014492754
297,Chungking Express (1994),3.571428571428572
298,"Ciao, Professore! (1993)",2.75
299,Cinderella (1950),3.581395348837209
300,Cinema Paradiso (1988),4.1735537190082646
301,Circle of Friends (1995),3.486842105263158
302,Citizen Kane (1941),4.292929292929293
303,Citizen Ruth (1996),3.6222222222222222
304,City Hall (1996),3.1392405063291138
305,City Slickers II: The Legend of Curly's Gold (1994),2.5454545454545454
306,City of Angels (1998),3.0
307,City of Industry (1997),2.5
308,"City of Lost Children, The (1995)",3.7916666666666665
309,Clean Slate (1994),2.8
310,Clean Slate (Coup de Torchon) (1981),2.75
311,Clear and Present Danger (1994),3.5698324022346366
312,Clerks (1994),3.8040540540540535
313,"Client, The (1994)",3.3814432989690717
314,Cliffhanger (1993),3.0215053763440864
315,Clockers (1995),3.0
316,"Clockwork Orange, A (1971)",3.909502262443439
317,"Close Shave, A (1995)",4.491071428571429
318,Clueless (1995),3.4588235294117653
319,Cobb (1994),2.8
320,Cold Comfort Farm (1995),3.824
321,Coldblooded (1995),2.0
322,"Collectionneuse, La (1967)",2.0
323,"Colonel Chabert, Le (1994)",3.5
324,Color of Night (1994),2.7333333333333334
325,Commandments (1997),2.6666666666666665
326,Con Air (1997),3.45985401459854
327,Conan the Barbarian (1981),3.0467289719626165
328,Condition Red (1995),2.0
329,Coneheads (1993),2.2195121951219514
330,Congo (1995),2.452380952380953
331,Conspiracy Theory (1997),3.4237288135593222
332,Contact (1997),3.803536345776032
333,"Contempt (Mépris, Le) (1963)",3.0
334,"Convent, The (Convento, O) (1995)",2.5
335,"Cook the Thief His Wife & Her Lover, The (1989)",3.024390243902439
336,Cool Hand Luke (1967),3.9939024390243913
337,Cool Runnings (1993),3.1617647058823533
338,Cop Land (1997),3.377142857142857
339,Cops and Robbersons (1994),2.3076923076923075
340,Copycat (1995),3.302325581395349
341,"Corrina, Corrina (1994)",3.1538461538461537
342,Cosi (1996),4.0
343,Country Life (1994),1.5
344,Courage Under Fire (1996),3.6108597285067874
345,"Cowboy Way, The (1994)",2.2105263157894743
346,"Craft, The (1996)",3.1153846153846154
347,Crash (1996),2.546875
348,Crimson Tide (1995),3.6298701298701297
349,Critical Care (1997),3.0909090909090913
350,Cronos (1992),3.2
351,Crooklyn (1994),3.5
352,Crossfire (1947),4.25
353,"Crossing Guard, The (1995)",3.0
354,"Crow, The (1994)",3.417910447761194
355,"Crow: City of Angels, The (1996)",1.948717948717949
356,Crows and Sparrows (1949),1.5
357,"Crucible, The (1996)",3.3376623376623376
358,"Crude Oasis, The (1995)",1.0
359,Crumb (1994),3.7901234567901234
360,"Cry, the Beloved Country (1995)",3.75
361,"Crying Game, The (1992)",3.6218487394957983
362,Curdled (1996),2.75
363,"Cure, The (1995)",3.333333333333333
364,Cutthroat Island (1995),2.4444444444444446
365,Cyclo (1995),3.0
366,Cyrano de Bergerac (1990),3.8181818181818175
367,"Cérémonie, La (1995)",4.0
368,D3: The Mighty Ducks (1996),2.5789473684210527
369,Dadetown (1995),3.0
370,Daens (1992),1.0
371,"Damsel in Distress, A (1937)",4.0
372,Dances with Wolves (1990),3.79296875
373,Dangerous Beauty (1998),3.7692307692307687
374,Dangerous Ground (1997),1.75
375,Dangerous Minds (1995),3.3404255319148937
376,Daniel Defoe's Robinson Crusoe (1996),3.0
377,Dante's Peak (1997),2.933333333333333
378,Dark City (1998),3.5
379,Dave (1993),3.65
380,"Davy Crockett, King of the Wild Frontier (1955)",2.9090909090909087
381,"Day the Earth Stood Still, The (1951)",3.938144329896907
382,"Day the Sun Turned Cold, The (Tianguo niezi) (1994)",2.0
383,Daylight (1996),2.771929824561404
384,Days of Thunder (1990),2.7169811320754715
385,"Daytrippers, The (1996)",3.6666666666666665
386,Dazed and Confused (1993),3.46875
387,Dead Man (1995),3.8235294117647056
388,Dead Man Walking (1995),3.8963210702341136
389,Dead Poets Society (1989),3.9163346613545817
390,Dead Presidents (1995),2.7222222222222223
391,Dear God (1996),2.5
392,Death and the Maiden (1994),3.4285714285714284
393,Death in Brunswick (1991),4.0
394,"Death in the Garden (Mort en ce jardin, La) (1956)",1.0
395,Deceiver (1997),2.827586206896552
396,Deconstructing Harry (1997),3.4
397,Deep Rising (1998),2.4285714285714284
398,"Deer Hunter, The (1978)",3.8333333333333335
399,Delicatessen (1991),3.8769230769230765
400,Delta of Venus (1994),3.0
401,Demolition Man (1993),3.152173913043478
402,Denise Calls Up (1995),3.0
403,Desert Winds (1995),4.0
404,"Designated Mourner, The (1997)",1.8571428571428568
405,Desperado (1995),3.453608247422681
406,Desperate Measures (1998),3.3194444444444446
407,Destiny Turns on the Radio (1995),3.0
408,Devil in a Blue Dress (1995),3.3859649122807016
409,"Devil's Advocate, The (1997)",3.515957446808511
410,"Devil's Own, The (1997)",3.1083333333333334
411,Diabolique (1996),2.8873239436619715
412,Dial M for Murder (1954),4.0
413,Die Hard (1988),3.872427983539095
414,Die Hard 2 (1990),3.3554216867469884
415,Die Hard: With a Vengeance (1995),3.2847682119205297
416,"Die xue shuang xiong (Killer, The) (1989)",3.967741935483871
417,Dingo (1992),2.4
418,Dirty Dancing (1987),3.1020408163265305
419,Disclosure (1994),3.0
420,Diva (1981),3.727272727272727
421,Dolores Claiborne (1994),3.3417721518987342
422,Don Juan DeMarco (1995),3.5526315789473686
423,Don't Be a Menace to South Central While Drinking Your Juice in the Hood (1996),2.771428571428572
424,Donnie Brasco (1997),3.8027210884353733
425,"Doom Generation, The (1995)",2.7142857142857144
426,"Doors, The (1991)",2.9782608695652173
427,Double Happiness (1994),3.4285714285714284
428,Double Team (1997),2.230769230769231
429,"Double vie de Véronique, La (Double Life of Veronique, The) (1991)",3.6818181818181817
430,Down Periscope (1996),2.702970297029703
431,Down by Law (1986),3.7714285714285714
432,Dr. Strangelove or: How I Learned to Stop Worrying and Love the Bomb (1963),4.252577319587629
433,Dracula: Dead and Loving It (1995),2.28
434,Dragonheart (1996),3.0822784810126582
435,Dream Man (1995),1.5
436,Dream With the Fishes (1997),3.1428571428571432
437,Drop Dead Fred (1991),2.75
438,Drop Zone (1994),2.548387096774193
439,Drunks (1995),2.8
440,Duck Soup (1933),4.0
441,Dumb & Dumber (1994),3.0
442,Dumbo (1941),3.4959349593495936
443,Dunston Checks In (1996),1.8571428571428568
444,Duoluo tianshi (1995),3.1666666666666665
445,E.T. the Extra-Terrestrial (1982),3.8333333333333335
446,East of Eden (1955),3.864406779661017
447,Eat Drink Man Woman (1994),4.05
448,Ed (1996),1.3333333333333333
449,Ed Wood (1994),3.601503759398496
450,Ed's Next Move (1996),2.6666666666666665
451,Eddie (1996),2.7
452,"Edge, The (1997)",3.5398230088495577
453,"Eighth Day, The (1996)",3.0
454,Emma (1996),3.7175141242937855
455,"Empire Strikes Back, The (1980)",4.206521739130435
456,Enchanted April (1991),3.928571428571429
457,"Endless Summer 2, The (1994)",2.5
458,"Enfer, L' (1994)",3.0
459,"English Patient, The (1996)",3.656964656964657
460,"Englishman Who Went Up a Hill, But Came Down a Mountain, The (1995)",3.375
461,Entertaining Angels: The Dorothy Day Story (1996),5.0
462,Eraser (1996),3.150485436893204
463,Escape from L.A. (1996),2.4615384615384617
464,Escape from New York (1981),3.241758241758242
465,Escape to Witch Mountain (1975),2.966666666666667
466,Etz Hadomim Tafus (Under the Domin Tree) (1994),2.0
467,Eve's Bayou (1997),3.609375
468,Even Cowgirls Get the Blues (1993),2.0
469,"Evening Star, The (1996)",2.931034482758621
470,Event Horizon (1997),2.5748031496062986
471,Everest (1998),4.5
472,Every Other Weekend (1990),1.0
473,Everyone Says I Love You (1996),3.273809523809524
474,Evil Dead II (1987),3.5168539325842696
475,Evita (1996),2.9806949806949805
476,Excess Baggage (1997),2.5384615384615383
477,Executive Decision (1996),3.3566878980891715
478,Exit to Eden (1994),2.75
479,Exotica (1994),3.555555555555556
480,Extreme Measures (1996),3.171875
481,Eye for an Eye (1996),3.03125
482,"Eye of Vichy, The (Oeil de Vichy, L') (1993)",1.0
483,Face/Off (1997),3.768041237113402
484,Faces (1968),3.0
485,Fair Game (1995),2.1818181818181817
486,FairyTale: A True Story (1997),2.966666666666667
487,Faithful (1996),3.3
488,Fall (1997),2.0
489,Fallen (1998),3.1463414634146343
490,Falling in Love Again (1980),1.0
491,"Family Thing, A (1996)",3.555555555555556
492,"Fan, The (1996)",3.09375
493,Fantasia (1940),3.770114942528736
494,Far From Home: The Adventures of Yellow Dog (1995),3.2857142857142856
495,Farewell My Concubine (1993),3.978260869565217
496,"Farewell to Arms, A (1932)",3.8333333333333335
497,Fargo (1996),4.155511811023622
498,Farinelli: il castrato (1994),3.117647058823529
499,Farmer & Chase (1995),4.0
500,"Fast, Cheap & Out of Control (1997)",3.4375
501,Faster Pussycat! Kill! Kill! (1965),3.0
502,Fatal Instinct (1993),2.631578947368421
503,Father of the Bride (1950),3.583333333333333
504,Father of the Bride Part II (1995),2.8984375
505,Fathers' Day (1997),2.5806451612903225
506,Faust (1994),4.2
507,Fausto (1993),3.0
508,"Favor, The (1994)",2.0
509,Fear (1996),3.1590909090909087
510,Fear of a Black Hat (1993),3.2
511,"Fear, The (1995)",3.0
512,Fearless (1993),3.24
513,Feast of July (1995),2.4
514,Feeling Minnesota (1996),2.625
515,Female Perversions (1996),2.625
516,Field of Dreams (1989),3.69811320754717
517,Fierce Creatures (1997),3.114583333333333
518,"Fifth Element, The (1997)",3.4771573604060912
519,"Fille seule, La (A Single Girl) (1995)",4.0
520,Fire Down Below (1997),2.9318181818181817
521,Fire on the Mountain (1996),3.0
522,Firestorm (1998),2.833333333333333
523,"Firm, The (1993)",3.2781456953642385
524,First Kid (1996),2.925
525,First Knight (1995),3.0232558139534884
526,"First Wives Club, The (1996)",3.01875
527,"Fish Called Wanda, A (1988)",3.785425101214575
528,Fled (1996),2.647058823529412
529,Flesh and Bone (1993),2.833333333333333
530,"Flintstones, The (1994)",2.064516129032258
531,Flipper (1996),2.45
532,Flirt (1995),3.6
533,Flirting With Disaster (1996),3.690476190476191
534,"Flower of My Secret, The (Flor de mi secreto, La) (1995)",3.1666666666666665
535,Flubber (1997),2.7547169811320757
536,Fluke (1995),2.4285714285714284
537,Fly Away Home (1996),3.6
538,"Fog, The (1980)",2.739130434782609
539,Fools Rush In (1997),3.0
540,For Ever Mozart (1996),2.0
541,For Love or Money (1993),2.833333333333333
542,For Richer or Poorer (1997),2.4285714285714284
543,For Whom the Bell Tolls (1943),4.0
544,For the Moment (1994),2.6666666666666665
545,"Forbidden Christ, The (Cristo proibito, Il) (1950)",2.75
546,Forbidden Planet (1956),3.835820895522388
547,Foreign Correspondent (1940),3.8666666666666663
548,Foreign Student (1994),2.0
549,Forget Paris (1995),3.193548387096774
550,Forrest Gump (1994),3.853582554517134
551,Four Days in September (1997),3.75
552,Four Rooms (1995),3.033333333333333
553,Four Weddings and a Funeral (1994),3.661354581673306
554,"Fox and the Hound, The (1981)",3.1475409836065573
555,Foxfire (1996),2.933333333333333
556,Frankie Starlight (1995),2.5
557,Free Willy (1993),2.4545454545454546
558,Free Willy 2: The Adventure Home (1995),2.1818181818181817
559,Free Willy 3: The Rescue (1997),1.7407407407407407
560,Freeway (1996),3.3571428571428568
561,French Kiss (1995),3.333333333333333
562,French Twist (Gazon maudit) (1995),3.2051282051282053
563,Fresh (1994),4.1
564,Friday (1995),3.4615384615384617
565,Fried Green Tomatoes (1991),3.7647058823529416
566,"Frighteners, The (1996)",3.2347826086956517
567,Frisk (1995),2.6666666666666665
568,From Dusk Till Dawn (1996),3.1195652173913038
569,"Fugitive, The (1993)",4.044642857142857
570,Full Metal Jacket (1987),3.6823529411764704
571,"Full Monty, The (1997)",3.9269841269841272
572,Full Speed (1996),3.125
573,"Funeral, The (1996)",2.4285714285714284
574,Funny Face (1957),3.6666666666666665
575,"Further Gesture, A (1996)",1.0
576,G.I. Jane (1997),3.36
577,Gabbeh (1996),3.333333333333333
578,"Game, The (1997)",3.593625498007968
579,Gandhi (1982),4.0205128205128196
580,Gang Related (1997),2.6875
581,"Garden of Finzi-Contini, The (Giardino dei Finzi-Contini, Il) (1970)",3.9166666666666665
582,Gaslight (1944),3.8857142857142857
583,"Gate of Heavenly Peace, The (1995)",4.0
584,Gattaca (1997),3.5955882352941178
585,"Gay Divorcee, The (1934)",3.8666666666666663
586,George of the Jungle (1997),2.685185185185185
587,Georgia (1995),2.9
588,Germinal (1993),3.0
589,Geronimo: An American Legend (1993),3.111111111111111
590,Get Shorty (1995),3.5502392344497613
591,Get on the Bus (1996),3.3157894736842106
592,"Getaway, The (1994)",2.333333333333333
593,Getting Away With Murder (1996),1.0
594,Getting Even with Dad (1994),1.6
595,Ghost (1990),3.4647058823529413
596,"Ghost and Mrs. Muir, The (1947)",3.651162790697674
597,"Ghost and the Darkness, The (1996)",3.203125
598,Ghost in the Shell (Kokaku kidotai) (1995),3.6538461538461537
599,Ghosts of Mississippi (1996),3.4827586206896552
600,Giant (1956),3.7450980392156863
601,Gigi (1958),3.6585365853658534
602,Gilligan's Island: The Movie (1998),1.3333333333333333
603,Girl 6 (1996),2.76
604,Girl in the Cadillac (1995),1.0
605,Girls Town (1996),3.0
606,"Glass Shield, The (1994)",2.0
607,Glengarry Glen Ross (1992),3.463768115942029
608,"Glimmer Man, The (1996)",2.75
609,Glory (1989),4.076023391812867
610,Go Fish (1994),3.2
611,"Godfather, The (1972)",4.283292978208232
612,"Godfather: Part II, The (1974)",4.186602870813397
613,Gold Diggers: The Secret of Bear Mountain (1995),3.1
614,Golden Earrings (1947),4.0
615,GoldenEye (1995),3.206106870229008
616,Gone Fishin' (1997),1.818181818181818
617,Gone with the Wind (1939),3.8546511627906983
618,"Good Man in Africa, A (1994)",3.0
619,Good Morning (1971),1.0
620,Good Will Hunting (1997),4.262626262626263
621,"Good, The Bad and The Ugly, The (1966)",3.8613138686131383
622,GoodFellas (1990),3.951327433628319
623,"Goofy Movie, A (1995)",2.9
624,Gordy (1995),1.0
625,Grace of My Heart (1996),3.25
626,"Graduate, The (1967)",4.104602510460252
627,"Grand Day Out, A (1992)",4.106060606060606
628,"Grass Harp, The (1995)",3.2222222222222223
629,Grateful Dead (1995),3.5
630,Grease (1978),3.3470588235294123
631,Grease 2 (1982),2.0
632,"Great Day in Harlem, A (1994)",5.0
633,"Great Dictator, The (1940)",4.021739130434782
634,"Great Escape, The (1963)",4.104838709677419
635,Great Expectations (1998),3.2222222222222223
636,"Great Race, The (1965)",3.290322580645161
637,"Great White Hype, The (1996)",2.7551020408163267
638,Gridlock'd (1997),3.2105263157894735
639,"Grifters, The (1990)",3.4831460674157304
640,Grosse Fatigue (1994),3.25
641,Grosse Pointe Blank (1997),3.675
642,Groundhog Day (1993),3.764285714285714
643,Grumpier Old Men (1995),3.0405405405405403
644,Guantanamera (1994),3.75
645,Guilty as Sin (1993),2.1666666666666665
646,Gumby: The Movie (1995),2.6
647,Hackers (1995),2.606060606060606
648,Half Baked (1998),2.5
649,Halloween: The Curse of Michael Myers (1995),2.2
650,Hamlet (1996),4.011111111111111
651,Hana-bi (1997),3.0
652,Happy Gilmore (1996),3.389261744966443
653,Hard Eight (1996),4.0
654,Hard Rain (1998),2.9032258064516134
655,Hard Target (1993),2.7
656,Harlem (1993),2.75
657,Harold and Maude (1971),3.8181818181818175
658,Harriet the Spy (1996),2.7
659,"Hate (Haine, La) (1995)",3.5
660,"Haunted World of Edward D. Wood Jr., The (1995)",3.733333333333333
661,He Walked by Night (1948),4.0
662,Head Above Water (1996),3.0
663,Hear My Song (1991),3.25
664,Hearts and Minds (1996),3.8
665,Heat (1995),3.569506726457399
666,Heathers (1989),3.690058479532164
667,Heaven & Earth (1993),2.555555555555556
668,Heaven's Prisoners (1996),2.5185185185185186
669,Heavenly Creatures (1994),3.6714285714285713
670,Heavy (1995),2.4
671,Heavy Metal (1981),3.2602739726027403
672,Heavyweights (1994),2.1538461538461537
673,Hedd Wyn (1992),1.0
674,Heidi Fleiss: Hollywood Madam (1995) ,2.6923076923076925
675,Hellraiser: Bloodline (1996),2.0
676,Henry V (1989),4.137096774193549
677,Herbie Rides Again (1974),2.272727272727273
678,Hercules (1997),3.515151515151515
679,Here Comes Cookie (1935),2.0
680,Hideaway (1995),2.4444444444444446
681,High Noon (1952),4.102272727272728
682,High School High (1996),2.6206896551724137
683,Higher Learning (1995),3.333333333333333
684,Highlander (1986),3.5359477124183005
685,Highlander III: The Sorcerer (1994),2.125
686,His Girl Friday (1940),4.0
687,Hollow Reed (1996),2.333333333333333
688,Homage (1995),1.0
689,Home Alone (1990),3.0875912408759123
690,Home Alone 3 (1997),1.8947368421052633
691,Home for the Holidays (1995),3.155172413793104
692,Homeward Bound II: Lost in San Francisco (1996),2.78125
693,Homeward Bound: The Incredible Journey (1993),3.2131147540983607
694,Hoodlum (1997),2.9315068493150687
695,Hoop Dreams (1994),4.094017094017094
696,"Horse Whisperer, The (1998)",2.7142857142857144
697,"Horseman on the Roof, The (Hussard sur le toit, Le) (1995)",4.111111111111111
698,Hostile Intentions (1994),1.0
699,Hot Shots! Part Deux (1993),2.764705882352941
700,Hotel de Love (1996),3.25
701,"Hour of the Pig, The (1993)",3.571428571428572
702,House Arrest (1996),2.52
703,House Party 3 (1994),2.0
704,"House of Yes, The (1997)",3.0
705,"House of the Spirits, The (1993)",3.0416666666666665
706,Houseguest (1994),2.833333333333333
707,How to Be a Player (1997),2.761904761904762
708,How to Make an American Quilt (1995),3.3380281690140845
709,"Howling, The (1981)",3.0263157894736836
710,"Hudsucker Proxy, The (1994)",3.5545454545454547
711,Hugo Pool (1997),3.2857142857142856
712,"Hunchback of Notre Dame, The (1996)",3.377952755905512
713,"Hungarian Fairy Tale, A (1987)",1.0
714,"Hunt for Red October, The (1990)",3.8634361233480177
715,"Hunted, The (1995)",2.0
716,Hurricane Streets (1998),2.6666666666666665
717,Hush (1998),2.0
718,I Can't Sleep (J'ai pas sommeil) (1994),2.6666666666666665
719,I Don't Want to Talk About It (De eso no se habla) (1993),4.0
720,I Know What You Did Last Summer (1997),3.06
721,I Like It Like That (1994),2.333333333333333
722,I Love Trouble (1994),2.5
723,I Shot Andy Warhol (1996),3.3783783783783785
724,I'll Do Anything (1994),2.6
725,I'm Not Rappaport (1996),3.0
726,"I, Worst of All (Yo, la peor de todas) (1990)",1.0
727,I.Q. (1994),3.320987654320988
728,"Ice Storm, The (1997)",3.611111111111111
729,If Lucy Fell (1996),2.7586206896551726
730,Ill Gotten Gains (1997),2.333333333333333
731,Immortal Beloved (1994),3.4603174603174605
732,In & Out (1997),3.3043478260869565
733,In Love and War (1996),3.4285714285714284
734,In the Army Now (1994),2.2777777777777777
735,In the Bleak Midwinter (1995),3.6875
736,In the Company of Men (1997),3.712121212121212
737,In the Line of Duty 2 (1987),2.75
738,In the Line of Fire (1993),3.792899408284024
739,In the Mouth of Madness (1995),2.8846153846153846
740,In the Name of the Father (1993),3.9117647058823533
741,In the Realm of the Senses (Ai no corrida) (1976),2.0
742,Incognito (1997),3.5
743,Independence Day (ID4) (1996),3.438228438228438
744,Indian Summer (1996),3.25
745,"Indian in the Cupboard, The (1995)",2.8205128205128207
746,Indiana Jones and the Last Crusade (1989),3.930513595166163
747,Infinity (1996),2.6666666666666665
748,"Inkwell, The (1994)",3.333333333333333
749,"Innocent Sleep, The (1995)",2.0
750,"Innocents, The (1961)",4.25
751,"Inspector General, The (1949)",3.7222222222222223
752,Interview with the Vampire (1994),3.1824817518248176
753,Intimate Relations (1996),3.0
754,Inventing the Abbotts (1997),3.1304347826086962
755,"Invitation, The (Zaproszenie) (1986)",1.0
756,"Island of Dr. Moreau, The (1996)",2.1578947368421053
757,It Could Happen to You (1994),3.652173913043478
758,It Happened One Night (1934),4.012345679012347
759,It Takes Two (1995),2.6666666666666665
760,It's My Party (1995),3.2857142857142856
761,It's a Wonderful Life (1946),4.121212121212121
762,JLG/JLG - autoportrait de décembre (1994),1.0
763,Jack (1996),3.1428571428571432
764,Jack and Sarah (1995),2.142857142857143
765,"Jackal, The (1997)",3.1494252873563218
766,Jackie Brown (1997),3.6428571428571432
767,Jackie Chan's First Strike (1996),3.2551724137931037
768,Jade (1995),2.294117647058824
769,James and the Giant Peach (1996),3.126984126984127
770,Jane Eyre (1996),3.4761904761904763
771,Jason's Lyric (1994),3.0
772,Jaws (1975),3.775
773,Jaws 2 (1978),2.6666666666666665
774,Jaws 3-D (1983),1.9375
775,Jean de Florette (1986),4.109375
776,Jefferson in Paris (1995),2.0
777,Jeffrey (1995),3.5294117647058822
778,"Jerky Boys, The (1994)",2.6666666666666665
779,Jerry Maguire (1996),3.7109375
780,Jimmy Hollywood (1994),2.875
781,Jingle All the Way (1996),2.1111111111111107
782,Joe's Apartment (1996),2.2444444444444445
783,Johnny 100 Pesos (1993),1.5
784,Johnny Mnemonic (1995),2.6341463414634148
785,Johns (1996),3.0
786,"Journey of August King, The (1995)",2.0
787,"Joy Luck Club, The (1993)",3.6666666666666665
788,Jude (1996),3.0
789,Judge Dredd (1995),2.8974358974358974
790,Judgment Night (1993),2.68
791,Jumanji (1995),3.3125
792,"Jungle Book, The (1994)",3.5647058823529414
793,Jungle2Jungle (1997),2.4393939393939394
794,Junior (1994),3.0222222222222217
795,Jupiter's Wife (1994),4.0
796,Jurassic Park (1993),3.7203065134099615
797,"Juror, The (1996)",2.817073170731707
798,Jury Duty (1995),2.0
799,Just Cause (1995),3.1428571428571432
800,Kalifornia (1993),3.2203389830508478
801,Kama Sutra: A Tale of Love (1996),3.3181818181818183
802,Kansas City (1996),2.260869565217391
803,Kaspar Hauser (1993),4.25
804,Kazaam (1996),1.8
805,Keys to Tulsa (1997),2.24
806,Kicked in the Head (1997),2.571428571428572
807,Kicking and Screaming (1995),2.9230769230769234
808,"Kid in King Arthur's Court, A (1995)",2.727272727272727
809,Kids (1995),3.0612244897959178
810,Kids in the Hall: Brain Candy (1996),3.0769230769230766
811,Kika (1993),2.0
812,Killer (Bulletproof Heart) (1994),2.5
813,Killer: A Journal of Murder (1995),4.0
814,"Killing Fields, The (1984)",4.132231404958676
815,Killing Zoe (1994),3.475
816,Kim (1950),3.2857142857142856
817,King of New York (1990),1.0
818,King of the Hill (1993),3.5
819,Kingpin (1996),3.1296296296296298
820,"Kiss Me, Guido (1997)",3.161290322580645
821,Kiss of Death (1995),2.85
822,Kiss the Girls (1997),3.4615384615384617
823,Kissed (1996),3.0
824,Kolya (1996),3.991452991452992
825,Koyaanisqatsi (1983),3.4905660377358485
826,Kull the Conqueror (1997),2.63768115942029
827,Kundun (1997),3.690476190476191
828,L.A. Confidential (1997),4.161616161616162
829,Lady of Burlesque (1943),4.0
830,Ladybird Ladybird (1994),2.75
831,Lamerica (1994),3.75
832,Land Before Time III: The Time of the Great Giving (1995) (V),1.6666666666666667
833,Land and Freedom (Tierra y libertad) (1995),3.0
834,Larger Than Life (1996),2.333333333333333
835,Lashou shentan (1992),1.0
836,Lassie (1994),2.2857142857142856
837,Last Action Hero (1993),2.7457627118644066
838,Last Dance (1996),3.111111111111111
839,"Last Klezmer: Leopold Kozlowski, His Life and Music, The (1995)",3.0
840,Last Man Standing (1996),2.660377358490566
841,Last Summer in the Hamptons (1995),2.333333333333333
842,"Last Supper, The (1995)",3.4482758620689653
843,"Last Time I Committed Suicide, The (1997)",2.2857142857142856
844,"Last Time I Saw Paris, The (1954)",3.6666666666666665
845,"Last of the Mohicans, The (1992)",3.546875
846,Late Bloomers (1996),3.4
847,Laura (1944),4.1
848,Lawnmower Man 2: Beyond Cyberspace (1996),1.7142857142857142
849,"Lawnmower Man, The (1992)",2.4461538461538463
850,Lawrence of Arabia (1962),4.23121387283237
851,"Lay of the Land, The (1997)",2.5
852,"Leading Man, The (1996)",3.75
853,Leave It to Beaver (1997),1.8409090909090908
854,Leaving Las Vegas (1995),3.697986577181208
855,Legal Deceit (1997),3.4
856,Legends of the Fall (1994),3.45679012345679
857,"Leopard Son, The (1996)",1.0
858,"Letter From Death Row, A (1998)",4.333333333333333
859,Liar Liar (1997),3.156701030927835
860,Liebelei (1933),1.0
861,"Life Less Ordinary, A (1997)",3.0754716981132075
862,Life with Mikey (1993),2.2857142857142856
863,Lightning Jack (1994),3.0
864,Like Water For Chocolate (Como agua para chocolate) (1992),3.8040540540540535
865,"Line King: Al Hirschfeld, The (1996)",3.0
866,"Lion King, The (1994)",3.7818181818181817
867,Little Big League (1994),2.875
868,Little Buddha (1993),3.3181818181818183
869,Little City (1998),3.5
870,Little Lord Fauntleroy (1936),3.1666666666666665
871,Little Odessa (1994),2.6
872,"Little Princess, A (1995)",3.6585365853658534
873,"Little Princess, The (1939)",3.555555555555556
874,"Little Rascals, The (1994)",2.7222222222222223
875,Little Women (1994),3.6764705882352944
876,Live Nude Girls (1995),3.0869565217391304
877,Living in Oblivion (1995),3.7407407407407414
878,Loaded (1994),2.4
879,Local Hero (1983),3.968253968253968
880,Loch Ness (1995),2.5
881,"Locusts, The (1997)",2.0
882,Lone Star (1996),4.053475935828877
883,"Long Kiss Goodnight, The (1996)",3.4702702702702704
884,Looking for Richard (1996),3.727272727272727
885,Lord of Illusions (1995),2.4166666666666665
886,Losing Chase (1996),3.25
887,Losing Isaiah (1995),3.0
888,Lost Highway (1997),3.136
889,Lost Horizon (1937),3.941176470588236
890,"Lost World: Jurassic Park, The (1997)",2.9430379746835444
891,Lost in Space (1998),3.1666666666666665
892,Lotto Land (1995),1.0
893,Love & Human Remains (1993),3.1666666666666665
894,Love Affair (1994),2.833333333333333
895,"Love Bug, The (1969)",2.78
896,Love Is All There Is (1996),3.0
897,Love Jones (1997),3.095238095238096
898,Love Serenade (1996),3.0
899,Love and Death on Long Island (1997),2.5
900,Love and Other Catastrophes (1996),2.8571428571428568
901,Love and a .45 (1994),3.125
902,Love in the Afternoon (1957),3.9
903,Love! Valour! Compassion! (1997),3.615384615384616
904,Lover's Knot (1996),2.0
905,"Low Down Dirty Shame, A (1994)",2.5
906,"Low Life, The (1994)",1.0
907,M (1931),4.0
908,M*A*S*H (1970),3.9126213592233015
909,M. Butterfly (1993),3.2222222222222223
910,MURDER and murder (1996),2.0
911,Ma vie en rose (My Life in Pink) (1997),3.45
912,"Machine, The (1994)",1.5
913,Mad City (1997),3.2553191489361697
914,Mad Dog Time (1996),3.0
915,Mad Love (1995),2.1538461538461537
916,Madame Butterfly (1995),3.571428571428572
917,Made in America (1993),2.5185185185185186
918,"Madness of King George, The (1994)",3.7692307692307687
919,Madonna: Truth or Dare (1991),2.4705882352941178
920,"Magic Hour, The (1998)",3.6
921,"Magnificent Seven, The (1954)",3.9421487603305785
922,Major Payne (1994),2.473684210526316
923,Malice (1993),3.1739130434782608
924,Mallrats (1995),3.4444444444444446
925,"Maltese Falcon, The (1941)",4.210144927536232
926,Mamma Roma (1962),4.0
927,"Man Who Knew Too Little, The (1997)",2.9230769230769234
928,"Man Who Would Be King, The (1975)",4.025
929,"Man Without a Face, The (1993)",3.544117647058824
930,"Man from Down Under, The (1943)",1.0
931,"Man in the Iron Mask, The (1998)",3.4166666666666665
932,"Man of No Importance, A (1994)",3.4285714285714284
933,Man of the House (1995),2.1111111111111107
934,Man of the Year (1995),3.111111111111111
935,"Manchurian Candidate, The (1962)",4.2595419847328255
936,Manhattan (1979),3.7692307692307687
937,Manhattan Murder Mystery (1993),3.6296296296296298
938,Manny & Lo (1996),3.1538461538461537
939,Manon of the Spring (Manon des sources) (1986),4.120689655172414
940,Margaret's Museum (1995),4.0
941,"Mark of Zorro, The (1940)",3.615384615384616
942,Marked for Death (1990),2.5
943,Marlene Dietrich: Shadow and Light (1996) ,5.0
944,Mars Attacks! (1996),2.8479262672811068
945,Marvin's Room (1996),3.58974358974359
946,Mary Poppins (1964),3.724719101123596
947,Mary Reilly (1996),2.8205128205128207
948,Mary Shelley's Frankenstein (1994),3.067796610169492
949,"Mask, The (1994)",3.1937984496124034
950,Mat' i syn (1997),1.0
951,"MatchMaker, The (1997)",3.1764705882352944
952,Matilda (1996),3.2105263157894735
953,Maverick (1994),3.46875
954,Maximum Risk (1996),2.8
955,Maya Lin: A Strong Clear Vision (1994),4.5
956,"Maybe, Maybe Not (Bewegte Mann, Der) (1994)",3.5
957,McHale's Navy (1997),2.188405797101449
958,Mediterraneo (1991),3.6764705882352944
959,Meet John Doe (1941),3.92
960,Meet Me in St. Louis (1944),3.3548387096774195
961,Meet Wally Sparks (1997),2.142857142857143
962,Men With Guns (1997),3.5
963,Men in Black (1997),3.745874587458746
964,Men of Means (1998),2.0
965,Menace II Society (1993),3.46
966,Mercury Rising (1998),3.4285714285714284
967,Metisse (Café au Lait) (1993),2.333333333333333
968,Metro (1997),2.9166666666666665
969,Miami Rhapsody (1995),2.6
970,Michael (1996),3.3193277310924367
971,Michael Collins (1996),3.4565217391304346
972,Microcosmos: Le peuple de l'herbe (1996),3.75
973,Midnight Dancers (Sibak) (1994),2.8
974,Midnight in the Garden of Good and Evil (1997),3.1625
975,Mighty Aphrodite (1995),3.4184782608695654
976,Mighty Morphin Power Rangers: The Movie (1995),2.272727272727273
977,"Mighty, The (1998)",1.0
978,Milk Money (1994),2.72972972972973
979,Mille bolle blu (1993),1.0
980,Miller's Crossing (1990),3.651685393258427
981,Mimic (1997),2.7425742574257432
982,Mina Tannenbaum (1994),3.6666666666666665
983,Miracle on 34th Street (1994),3.722772277227723
984,Mirage (1995),3.0
985,"Mirror Has Two Faces, The (1996)",3.363636363636364
986,Mission: Impossible (1996),3.3139534883720936
987,"Misérables, Les (1995)",3.6190476190476186
988,Mixed Nuts (1994),2.533333333333333
989,"Modern Affair, A (1995)",1.0
990,Moll Flanders (1996),3.5
991,Mondo (1996),3.0
992,Money Talks (1997),2.815217391304348
993,Money Train (1995),2.511627906976744
994,"Month by the Lake, A (1995)",3.333333333333333
995,Monty Python and the Holy Grail (1974),4.066455696202532
996,Monty Python's Life of Brian (1979),3.747126436781609
997,Moonlight and Valentino (1995),2.571428571428572
998,Mortal Kombat (1995),2.877551020408163
999,Mortal Kombat: Annihilation (1997),1.9534883720930232
1000,"Mostro, Il (1994)",1.0
1001,Mother (1996),3.1301775147929
1002,Mother Night (1996),3.1818181818181817
1003,Mouse Hunt (1997),2.477272727272727
1004,Mr. Holland's Opus (1995),3.778156996587031
1005,Mr. Jones (1993),2.5
1006,Mr. Magoo (1997),1.9166666666666667
1007,Mr. Smith Goes to Washington (1939),4.123809523809523
1008,Mr. Wonderful (1993),3.0
1009,Mr. Wrong (1996),2.3043478260869565
1010,"Mrs. Brown (Her Majesty, Mrs. Brown) (1997)",3.9479166666666665
1011,Mrs. Dalloway (1997),3.6
1012,Mrs. Doubtfire (1993),3.411458333333333
1013,Mrs. Parker and the Vicious Circle (1994),3.272727272727273
1014,Mrs. Winterbourne (1996),3.0454545454545454
1015,Much Ado About Nothing (1993),4.0625
1016,Mulholland Falls (1996),2.8780487804878048
1017,Multiplicity (1996),2.8358208955223883
1018,Muppet Treasure Island (1996),2.761904761904762
1019,Murder at 1600 (1997),3.0871559633027523
1020,Murder in the First (1995),3.6
1021,"Murder, My Sweet (1944)",3.555555555555556
1022,Muriel's Wedding (1994),3.55
1023,Mute Witness (1994),2.9411764705882355
1024,My Best Friend's Wedding (1997),3.36046511627907
1025,My Crazy Life (Mi vida loca) (1993),3.1818181818181817
1026,My Fair Lady (1964),3.8160000000000003
1027,My Family (1995),3.6666666666666665
1028,My Favorite Season (1993),3.6666666666666665
1029,My Favorite Year (1982),3.532258064516129
1030,My Fellow Americans (1996),3.1627906976744184
1031,My Left Foot (1989),3.851239669421488
1032,My Life and Times With Antonin Artaud (En compagnie d'Antonin Artaud) (1993),2.0
1033,My Life as a Dog (Mitt liv som hund) (1985),3.9784946236559136
1034,My Man Godfrey (1936),4.037037037037037
1035,My Own Private Idaho (1991),3.633333333333333
1036,Mystery Science Theater 3000: The Movie (1996),3.4307692307692306
1037,Nadja (1994),2.25
1038,Naked (1993),3.24
1039,Naked Gun 33 1/3: The Final Insult (1994),2.782608695652174
1040,Naked in New York (1994),1.5
1041,National Lampoon's Senior Trip (1995),2.4285714285714284
1042,Natural Born Killers (1994),2.953125
1043,Nell (1994),3.4814814814814814
1044,Nelly & Monsieur Arnaud (1995),3.6666666666666665
1045,Nemesis 2: Nebula (1995),2.0
1046,"Neon Bible, The (1995)",1.75
1047,"Net, The (1995)",3.0083333333333333
1048,"NeverEnding Story III, The (1994)",2.1666666666666665
1049,"New Age, The (1994)",1.0
1050,New Jersey Drive (1995),3.0
1051,New York Cop (1996),2.5
1052,"Newton Boys, The (1998)",3.0
1053,"Next Karate Kid, The (1994)",2.4444444444444446
1054,"Next Step, The (1995)",3.0
1055,"Niagara, Niagara (1997)",2.0
1056,Nick of Time (1995),3.0454545454545454
1057,Nico Icon (1995),4.0
1058,Night Falls on Manhattan (1997),3.375
1059,Night Flier (1997),3.7142857142857135
1060,Night of the Living Dead (1968),3.421875
1061,Night on Earth (1991),3.8333333333333335
1062,"Nightmare Before Christmas, The (1993)",3.5874125874125875
1063,"Nightmare on Elm Street, A (1984)",3.1711711711711716
1064,Nightwatch (1997),3.0
1065,Nikita (La Femme Nikita) (1990),4.007874015748032
1066,Nil By Mouth (1997),2.0
1067,Nina Takes a Lover (1994),2.833333333333333
1068,Nine Months (1995),2.931034482758621
1069,Ninotchka (1939),3.7692307692307687
1070,Nixon (1995),3.1222222222222222
1071,No Escape (1994),2.4
1072,Nobody Loves Me (Keiner liebt mich) (1994),1.0
1073,Nobody's Fool (1994),3.608695652173913
1074,Normal Life (1996),3.0
1075,North (1994),2.7142857142857144
1076,North by Northwest (1959),4.284916201117318
1077,"Nosferatu (Nosferatu, eine Symphonie des Grauens) (1922)",3.555555555555556
1078,Nosferatu a Venezia (1986),2.333333333333333
1079,Nothing Personal (1995),2.0
1080,Nothing to Lose (1994),3.2857142857142856
1081,Notorious (1946),4.115384615384615
1082,Now and Then (1995),3.458333333333333
1083,Nowhere (1997),2.333333333333333
1084,"Nutty Professor, The (1996)",2.914110429447853
1085,Nénette et Boni (1996),3.5
1086,"Object of My Affection, The (1998)",4.0
1087,Of Human Bondage (1934),3.2
1088,Of Love and Shadows (1994),3.1666666666666665
1089,Office Killer (1997),1.0
1090,"Old Lady Who Walked in the Sea, The (Vieille qui marchait dans la mer, La) (1991)",2.6
1091,"Old Man and the Sea, The (1958)",3.34375
1092,Old Yeller (1957),3.484375
1093,Oliver & Company (1988),2.772727272727273
1094,"Omen, The (1976)",3.388235294117647
1095,On Golden Pond (1981),3.5566037735849063
1096,Once Upon a Time in America (1984),3.4
1097,Once Upon a Time in the West (1969),3.8684210526315783
1098,Once Upon a Time... When We Were Colored (1995),3.2857142857142856
1099,Once Were Warriors (1994),4.064516129032258
1100,One Fine Day (1996),3.2321428571428568
1101,One Flew Over the Cuckoo's Nest (1975),4.291666666666667
1102,One Night Stand (1997),3.466666666666667
1103,Only You (1994),3.1538461538461537
1104,Open Season (1996),2.5
1105,Operation Dumbo Drop (1995),2.5161290322580645
1106,Original Gangstas (1996),2.142857142857143
1107,Orlando (1993),3.6176470588235294
1108,Oscar & Lucinda (1997),3.1904761904761907
1109,Othello (1995),3.611111111111111
1110,"Other Voices, Other Rooms (1997)",3.0
1111,Out to Sea (1997),2.6842105263157894
1112,Outbreak (1995),3.2403846153846154
1113,"Outlaw, The (1943)",2.5
1114,"Pagemaster, The (1994)",2.25
1115,"Pallbearer, The (1996)",2.3181818181818183
1116,Palmetto (1998),3.1428571428571432
1117,Palookaville (1996),2.9230769230769234
1118,Panther (1995),2.4
1119,"Paper, The (1994)",3.225
1120,Paradise Lost: The Child Murders at Robin Hood Hills (1996),4.05
1121,Paradise Road (1997),3.2857142857142856
1122,"Parent Trap, The (1961)",3.095890410958904
1123,Paris Is Burning (1990),3.814814814814815
1124,Paris Was a Woman (1995),3.0
1125,"Paris, France (1993)",2.333333333333333
1126,"Paris, Texas (1984)",3.5434782608695654
1127,Party Girl (1995),2.875
1128,Passion Fish (1992),3.1785714285714284
1129,Pather Panchali (1955),4.625
1130,Paths of Glory (1957),4.212121212121212
1131,Patton (1970),3.9926470588235294
1132,"Peacemaker, The (1997)",3.272058823529412
1133,Penny Serenade (1941),3.0
1134,"People vs. Larry Flynt, The (1996)",3.5953488372093023
1135,"Perez Family, The (1995)",2.642857142857143
1136,"Perfect Candidate, A (1996)",4.0
1137,"Perfect World, A (1993)",3.68
1138,Persuasion (1995),4.045454545454546
1139,"Pest, The (1997)",1.875
1140,Pete's Dragon (1977),2.7209302325581395
1141,"Phantom, The (1996)",2.575
1142,Phantoms (1998),2.230769230769231
1143,Pharaoh's Army (1995),1.0
1144,Phat Beach (1996),1.6
1145,Phenomenon (1996),3.557377049180328
1146,Philadelphia (1993),3.854014598540146
1147,"Philadelphia Story, The (1940)",4.115384615384615
1148,"Piano, The (1993)",3.6011904761904763
1149,Picnic (1955),3.611111111111111
1150,Picture Bride (1995),3.1
1151,Picture Perfect (1997),2.962962962962963
1152,Pie in the Sky (1995),2.0
1153,"Pillow Book, The (1995)",3.692307692307693
1154,Pink Floyd - The Wall (1982),3.3508771929824563
1155,Pinocchio (1940),3.6732673267326734
1156,Platoon (1986),3.692913385826772
1157,Playing God (1997),2.627906976744186
1158,Pocahontas (1995),2.5294117647058822
1159,Poetic Justice (1993),2.7777777777777777
1160,Poison Ivy II (1995),2.1538461538461537
1161,Police Story 4: Project S (Chao ji ji hua) (1993),1.0
1162,Pollyanna (1960),3.1481481481481484
1163,"Pompatus of Love, The (1996)",3.0
1164,Ponette (1996),3.3
1165,"Portrait of a Lady, The (1996)",2.68
1166,"Postino, Il (1994)",3.9672131147540974
1167,"Postman, The (1997)",3.2241379310344827
1168,Powder (1995),3.208333333333333
1169,Power 98 (1995),1.0
1170,"Preacher's Wife, The (1996)",2.9264705882352944
1171,Prefontaine (1997),5.0
1172,Pretty Woman (1990),3.3231707317073167
1173,"Price Above Rubies, A (1998)",3.333333333333333
1174,Priest (1994),4.0
1175,Primal Fear (1996),3.6011235955056184
1176,Primary Colors (1998),3.9230769230769234
1177,"Princess Bride, The (1987)",4.1728395061728385
1178,Princess Caraboo (1994),3.1333333333333333
1179,Prisoner of the Mountains (Kavkazsky Plennik) (1996),3.0
1180,Private Benjamin (1980),2.955223880597015
1181,Private Parts (1997),3.53
1182,"Professional, The (1994)",3.704697986577181
1183,"Program, The (1993)",2.838709677419355
1184,"Promesse, La (1996)",3.333333333333333
1185,"Promise, The (Versprechen, Das) (1994)",1.0
1186,"Prophecy II, The (1998)",2.7
1187,"Prophecy, The (1995)",2.9375
1188,Psycho (1960),4.100418410041842
1189,Pulp Fiction (1994),4.060913705583757
1190,Pump Up the Volume (1990),3.4177215189873418
1191,Purple Noon (1960),3.1428571428571432
1192,Pushing Hands (1992),2.0
1193,"Pyromaniac's Love Story, A (1995)",2.4285714285714284
1194,Quartier Mozart (1992),1.0
1195,"Queen Margot (Reine Margot, La) (1994)",3.5
1196,"Quest, The (1996)",2.5185185185185186
1197,"Quick and the Dead, The (1995)",3.208333333333333
1198,"Quiet Man, The (1952)",4.029850746268656
1199,"Quiet Room, The (1996)",3.6666666666666665
1200,Quiz Show (1994),3.645714285714286
1201,Race the Sun (1996),2.8
1202,Radioland Murders (1994),3.333333333333333
1203,Raging Bull (1980),4.120689655172414
1204,Raiders of the Lost Ark (1981),4.2523809523809515
1205,"Rainmaker, The (1997)",3.6
1206,Raise the Red Lantern (1991),4.155172413793103
1207,Raising Arizona (1987),3.875
1208,Ran (1985),4.1
1209,Ransom (1996),3.644194756554307
1210,Raw Deal (1948),2.0
1211,Ready to Wear (Pret-A-Porter) (1994),1.8333333333333333
1212,Real Genius (1985),3.6638655462184873
1213,Reality Bites (1994),2.9610389610389616
1214,Rear Window (1954),4.3875598086124405
1215,Rebecca (1940),3.9696969696969697
1216,Rebel Without a Cause (1955),3.855555555555556
1217,Reckless (1995),2.75
1218,Red Corner (1997),3.3859649122807016
1219,"Red Firecracker, Green Firecracker (1994)",3.4615384615384617
1220,Red Rock West (1992),3.5961538461538463
1221,"Ref, The (1994)",3.034482758620689
1222,Relative Fear (1994),1.6666666666666667
1223,"Relic, The (1997)",2.88
1224,"Reluctant Debutante, The (1958)",3.0
1225,"Remains of the Day, The (1993)",3.94
1226,Renaissance Man (1994),3.0
1227,"Rendezvous in Paris (Rendez-vous de Paris, Les) (1995)",3.333333333333333
1228,Rent-a-Kid (1995),3.0
1229,"Replacement Killers, The (1998)",3.3076923076923075
1230,Reservoir Dogs (1992),3.9864864864864864
1231,Restoration (1995),3.4647887323943665
1232,"Return of Martin Guerre, The (Retour de Martin Guerre, Le) (1982)",3.772727272727273
1233,Return of the Jedi (1983),4.007889546351085
1234,"Return of the Pink Panther, The (1974)",3.5543478260869565
1235,Rhyme & Reason (1997),2.2
1236,"Rich Man's Wife, The (1996)",2.4
1237,Richard III (1995),3.831460674157303
1238,Richie Rich (1994),2.4285714285714284
1239,Ridicule (1996),3.704545454545455
1240,"Right Stuff, The (1983)",3.917197452229299
1241,Ripe (1996),2.0
1242,Rising Sun (1993),2.9069767441860463
1243,"River Wild, The (1994)",3.1438356164383565
1244,"Road to Wellville, The (1994)",2.294117647058824
1245,Rob Roy (1995),3.565217391304348
1246,Robert A. Heinlein's The Puppet Masters (1994),3.0
1247,Robin Hood: Men in Tights (1993),2.5892857142857144
1248,Robin Hood: Prince of Thieves (1991),3.2266666666666666
1249,Robocop 3 (1993),1.7272727272727273
1250,"Rock, The (1996)",3.693121693121693
1251,Rocket Man (1997),2.4081632653061225
1252,Roman Holiday (1953),4.102941176470588
1253,Romeo Is Bleeding (1993),3.0
1254,Romper Stomper (1992),3.0
1255,Romy and Michele's High School Reunion (1997),3.0612244897959178
1256,"Room with a View, A (1986)",3.985074626865672
1257,Roommates (1995),3.2307692307692313
1258,Roseanna's Grave (For Roseanna) (1997),2.8
1259,Rosencrantz and Guildenstern Are Dead (1990),3.888888888888889
1260,Rosewood (1997),3.6666666666666665
1261,Rough Magic (1995),2.5
1262,Ruby in Paradise (1993),3.1304347826086962
1263,Rudy (1993),3.3125
1264,"Ruling Class, The (1972)",3.875
1265,Rumble in the Bronx (1995),3.4482758620689653
1266,"Run of the Country, The (1995)",3.25
1267,S.F.W. (1994),3.0
1268,Sabrina (1954),3.796875
1269,Sabrina (1995),3.5
1270,Safe (1995),4.0
1271,Safe Passage (1994),3.0
1272,"Saint of Fort Washington, The (1993)",5.0
1273,"Saint, The (1997)",3.123417721518988
1274,Salut cousin! (1996),2.0
1275,"Santa Clause, The (1994)",3.097560975609756
1276,Santa with Muscles (1996),5.0
1277,"Savage Nights (Nuits fauves, Les) (1992)",3.0
1278,"Scarlet Letter, The (1926)",3.0
1279,"Scarlet Letter, The (1995)",2.4
1280,Schindler's List (1993),4.466442953020135
1281,Schizopolis (1996),3.0
1282,"Scout, The (1994)",2.6666666666666665
1283,Scream (1996),3.44142259414226
1284,Scream 2 (1997),3.2169811320754715
1285,Scream of Stone (Schrei aus Stein) (1991),3.0
1286,Screamers (1995),2.652173913043478
1287,"Search for One-eye Jimmy, The (1996)",2.6666666666666665
1288,Searching for Bobby Fischer (1993),3.9057971014492754
1289,"Second Jungle Book: Mowgli & Baloo, The (1997)",2.0
1290,"Secret Adventures of Tom Thumb, The (1993)",2.6
1291,"Secret Agent, The (1996)",3.0
1292,"Secret Garden, The (1993)",3.5443037974683542
1293,"Secret of Roan Inish, The (1994)",3.859154929577465
1294,Secrets & Lies (1996),4.265432098765432
1295,Selena (1997),3.625
1296,Sense and Sensibility (1995),4.0111940298507465
1297,Senseless (1998),2.4285714285714284
1298,Serial Mom (1994),2.814814814814815
1299,Set It Off (1996),3.421052631578948
1300,Seven (Se7en) (1995),3.8474576271186436
1301,Seven Years in Tibet (1997),3.4580645161290318
1302,"Seventh Seal, The (Sjunde inseglet, Det) (1957)",3.5416666666666665
1303,"Sex, Lies, and Videotape (1989)",3.4752475247524752
1304,"Sexual Life of the Belgians, The (1994)",1.5
1305,Sgt. Bilko (1996),2.5675675675675675
1306,Shadow Conspiracy (1997),2.863636363636364
1307,Shadow of Angels (Schatten der Engel) (1976),1.0
1308,"Shadow, The (1994)",2.888888888888889
1309,Shadowlands (1993),3.935897435897436
1310,Shadows (Cienie) (1988),1.0
1311,"Shaggy Dog, The (1959)",3.0
1312,Shall We Dance? (1937),3.7058823529411766
1313,Shall We Dance? (1996),4.260869565217392
1314,Shallow Grave (1994),3.8181818181818175
1315,Shanghai Triad (Yao a yao yao dao waipo qiao) (1995),3.5769230769230766
1316,"Shawshank Redemption, The (1994)",4.445229681978798
1317,She's So Lovely (1997),2.7358490566037736
1318,She's the One (1996),3.0136986301369864
1319,Shiloh (1997),2.833333333333333
1320,Shine (1996),3.922480620155039
1321,"Shining, The (1980)",3.825242718446602
1322,"Shooter, The (1995)",2.6666666666666665
1323,Shooting Fish (1997),2.5
1324,Shopping (1994),2.0
1325,Short Cuts (1993),3.776119402985074
1326,"Show, The (1995)",3.0
1327,Showgirls (1995),1.9565217391304348
1328,"Silence of the Lambs, The (1991)",4.28974358974359
1329,"Silence of the Palace, The (Saimt el Qusur) (1994)",3.0
1330,"Simple Twist of Fate, A (1994)",3.2
1331,"Simple Wish, A (1997)",1.6666666666666667
1332,Singin' in the Rain (1952),3.992700729927008
1333,Sirens (1994),2.983050847457627
1334,Six Degrees of Separation (1993),3.77027027027027
1335,"Sixth Man, The (1997)",3.2222222222222223
1336,Sleeper (1973),3.634146341463415
1337,Sleepers (1996),3.5147928994082838
1338,Sleepless in Seattle (1993),3.539906103286385
1339,Sleepover (1995),3.0
1340,Sliding Doors (1998),2.6
1341,Sling Blade (1996),4.198529411764706
1342,"Slingshot, The (1993)",3.5
1343,Sliver (1993),2.4054054054054053
1344,Small Faces (1995),2.0
1345,"Smile Like Yours, A (1997)",2.88
1346,Smilla's Sense of Snow (1997),3.1666666666666665
1347,Smoke (1995),3.6216216216216215
1348,Sneakers (1992),3.513333333333333
1349,Snow White and the Seven Dwarfs (1937),3.7093023255813953
1350,So Dear to My Heart (1949),3.25
1351,So I Married an Axe Murderer (1993),3.0526315789473686
1352,Solo (1996),1.8333333333333333
1353,Some Folks Call It a Sling Blade (1993),4.2926829268292686
1354,Some Kind of Wonderful (1987),3.6610169491525424
1355,Some Like It Hot (1959),3.984375
1356,Some Mother's Son (1996),4.5
1357,Somebody to Love (1994),1.0
1358,Someone Else's America (1995),5.0
1359,Something to Talk About (1995),2.769230769230769
1360,Somewhere in Time (1980),3.4268292682926833
1361,Son in Law (1993),2.4871794871794872
1362,Sophie's Choice (1982),3.896551724137931
1363,Soul Food (1997),3.1694915254237284
1364,"Sound of Music, The (1965)",3.765765765765766
1365,Space Jam (1996),2.7741935483870965
1366,"Spanish Prisoner, The (1997)",4.0
1367,Spanking the Monkey (1994),3.0740740740740735
1368,Spawn (1997),2.6153846153846154
1369,"Specialist, The (1994)",2.25
1370,Species (1995),2.8666666666666667
1371,Speechless (1994),3.083333333333333
1372,Speed (1994),3.6478260869565218
1373,Speed 2: Cruise Control (1997),2.131578947368421
1374,Spellbound (1945),3.933333333333333
1375,Sphere (1998),2.9268292682926833
1376,Spice World (1997),2.1153846153846154
1377,Spirits of the Dead (Tre passi nel delirio) (1968),2.5
1378,"Spitfire Grill, The (1996)",3.8041237113402064
1379,Sprung (1997),2.0
1380,Spy Hard (1996),2.511627906976744
1381,Squeeze (1996),1.6666666666666667
1382,Stag (1997),2.1111111111111107
1383,Stalingrad (1993),3.1666666666666665
1384,Stalker (1979),3.5454545454545454
1385,Stand by Me (1986),3.8810572687224667
1386,Star Kid (1997),5.0
1387,"Star Maker, The (Uomo delle stelle, L') (1995)",3.1666666666666665
1388,Star Maps (1997),3.0526315789473686
1389,Star Trek III: The Search for Spock (1984),3.111111111111111
1390,Star Trek IV: The Voyage Home (1986),3.4472361809045227
1391,Star Trek V: The Final Frontier (1989),2.3968253968253967
1392,Star Trek VI: The Undiscovered Country (1991),3.279503105590062
1393,Star Trek: First Contact (1996),3.6602739726027407
1394,Star Trek: Generations (1994),3.3362068965517233
1395,Star Trek: The Motion Picture (1979),3.034188034188034
1396,Star Trek: The Wrath of Khan (1982),3.8155737704918034
1397,Star Wars (1977),4.359589041095891
1398,Stargate (1994),3.141732283464567
1399,"Stars Fell on Henrietta, The (1995)",2.333333333333333
1400,Starship Troopers (1997),3.2322274881516586
1401,"Steal Big, Steal Little (1995)",2.571428571428572
1402,Stealing Beauty (1996),3.375
1403,Steel (1997),2.1578947368421053
1404,Stefano Quantestorie (1993),1.0
1405,Stephen King's The Langoliers (1995),2.413793103448276
1406,"Sting, The (1973)",4.058091286307054
1407,Stonewall (1995),4.2
1408,"Story of Xinghua, The (1993)",3.2
1409,Strange Days (1995),3.2643678160919536
1410,Stranger in the House (1997),2.4285714285714284
1411,"Stranger, The (1994)",3.0
1412,Strawberry and Chocolate (Fresa y chocolate) (1993),3.272727272727273
1413,Street Fighter (1994),2.75
1414,"Streetcar Named Desire, A (1951)",3.8163265306122454
1415,Strictly Ballroom (1992),4.028846153846153
1416,Striking Distance (1993),2.583333333333333
1417,Stripes (1981),3.8
1418,Striptease (1996),2.238805970149253
1419,Stuart Saves His Family (1995),2.125
1420,"Stupids, The (1996)",2.0
1421,SubUrbia (1997),3.6666666666666665
1422,"Substance of Fire, The (1996)",3.25
1423,"Substitute, The (1996)",2.6938775510204085
1424,Sudden Death (1995),2.723404255319149
1425,Sudden Manhattan (1996),1.5
1426,"Sum of Us, The (1994)",3.5454545454545454
1427,"Sunchaser, The (1996)",3.0
1428,Sunset Blvd. (1950),4.2
1429,Sunset Park (1996),2.5
1430,Super Mario Bros. (1993),2.0769230769230766
1431,Supercop (1992),3.5384615384615383
1432,Surviving Picasso (1996),3.1052631578947367
1433,Surviving the Game (1994),2.4545454545454546
1434,Suture (1993),2.25
1435,"Swan Princess, The (1994)",2.8571428571428568
1436,"Sweet Hereafter, The (1997)",3.772727272727273
1437,Sweet Nothing (1995),3.0
1438,Swept from the Sea (1997),2.4285714285714284
1439,Swimming with Sharks (1995),3.5744680851063837
1440,Swingers (1996),3.828025477707006
1441,Swiss Family Robinson (1960),3.358974358974359
1442,Switchback (1997),2.8235294117647056
1443,Switchblade Sisters (1975),3.2307692307692313
1444,"Sword in the Stone, The (1963)",3.3292682926829267
1445,"Symphonie pastorale, La (1946)",1.0
1446,T-Men (1947),1.0
1447,Tainted (1998),3.0
1448,Tales From the Crypt Presents: Demon Knight (1995),2.976744186046512
1449,Tales from the Crypt Presents: Bordello of Blood (1996),2.636363636363636
1450,Tales from the Hood (1995),2.0370370370370368
1451,Talking About Sex (1994),1.8
1452,"Tango Lesson, The (1997)",3.3846153846153846
1453,Tank Girl (1995),2.8536585365853657
1454,Target (1995),3.0
1455,Taxi Driver (1976),4.12087912087912
1456,Telling Lies in America (1997),3.2307692307692313
1457,Temptress Moon (Feng Yue) (1996),1.6666666666666667
1458,Terminal Velocity (1994),2.676470588235294
1459,Terminator 2: Judgment Day (1991),4.0067796610169495
1460,"Terminator, The (1984)",3.933554817275748
1461,Terror in a Texas Town (1958),1.0
1462,Tetsuo II: Body Hammer (1992),2.6666666666666665
1463,That Darn Cat! (1965),2.473684210526316
1464,That Darn Cat! (1997),2.463414634146341
1465,That Old Feeling (1997),3.363636363636364
1466,That Thing You Do! (1996),3.4659090909090913
1467,The Courtyard (1995),1.0
1468,The Deadly Cure (1996),3.0
1469,The Innocent (1994),3.0
1470,Theodore Rex (1995),1.4
1471,They Made Me a Criminal (1939),5.0
1472,"Thieves (Voleurs, Les) (1996)",3.7142857142857135
1473,"Thin Blue Line, The (1988)",3.7714285714285714
1474,"Thin Line Between Love and Hate, A (1996)",2.4166666666666665
1475,"Thin Man, The (1934)",4.15
1476,Things to Do in Denver when You're Dead (1995),3.1549295774647885
1477,Thinner (1996),2.4489795918367347
1478,"Third Man, The (1949)",4.333333333333333
1479,Thirty-Two Short Films About Glenn Gould (1993),3.9444444444444446
1480,This Is Spinal Tap (1984),3.9057591623036654
1481,"Thousand Acres, A (1997)",3.4054054054054053
1482,"Three Caballeros, The (1945)",3.272727272727273
1483,Three Colors: Blue (1993),4.015625
1484,Three Colors: Red (1994),4.0602409638554215
1485,Three Colors: White (1994),3.864406779661017
1486,Three Lives and Only One Death (1996),3.0
1487,"Three Musketeers, The (1993)",3.3033707865168536
1488,Three Wishes (1995),3.2222222222222223
1489,Threesome (1994),2.838709677419355
1490,Tie Me Up! Tie Me Down! (1990),3.1875
1491,"Tie That Binds, The (1995)",2.4285714285714284
1492,Tigrero: A Film That Was Never Made (1994),1.0
1493,Time Tracers (1995),1.5
1494,"Time to Kill, A (1996)",3.685344827586207
1495,Timecop (1994),3.0967741935483866
1496,Tin Cup (1996),3.160621761658031
1497,"Tin Drum, The (Blechtrommel, Die) (1979)",3.7
1498,Tin Men (1987),3.07843137254902
1499,Titanic (1997),4.2457142857142856
1500,To Be or Not to Be (1942),3.611111111111111
1501,To Catch a Thief (1955),4.02
1502,To Cross the Rubicon (1991),1.0
1503,To Die For (1995),3.2758620689655173
1504,To Gillian on Her 37th Birthday (1996),3.0681818181818183
1505,"To Have, or Not (1995)",2.0
1506,To Kill a Mockingbird (1962),4.2922374429223735
1507,To Live (Huozhe) (1994),3.7857142857142856
1508,"To Wong Foo, Thanks for Everything! Julie Newmar (1995)",2.8947368421052637
1509,Tokyo Fist (1995),4.0
1510,Tom & Viv (1994),3.333333333333333
1511,Tom and Huck (1995),3.1666666666666665
1512,Tombstone (1993),3.6666666666666665
1513,Tommy Boy (1995),2.9090909090909087
1514,Tomorrow Never Dies (1997),3.4277777777777776
1515,Top Gun (1986),3.481818181818182
1516,Top Hat (1935),4.047619047619048
1517,Total Eclipse (1995),2.75
1518,Touch (1997),2.7777777777777777
1519,Touch of Evil (1958),3.9117647058823533
1520,Tough and Deadly (1995),3.0
1521,Touki Bouki (Journey of the Hyena) (1973),1.0
1522,Toy Story (1995),3.878318584070796
1523,Trainspotting (1996),3.884
1524,"Transformers: The Movie, The (1986)",2.84375
1525,Traveller (1997),3.3076923076923075
1526,"Treasure of the Sierra Madre, The (1948)",4.1
1527,Trees Lounge (1996),3.24
1528,Trial and Error (1997),2.5217391304347827
1529,Trial by Jury (1994),2.4285714285714284
1530,"Trigger Effect, The (1996)",3.2
1531,True Crime (1995),3.333333333333333
1532,True Lies (1994),3.5625
1533,True Romance (1993),3.615384615384616
1534,"Truman Show, The (1998)",2.9090909090909087
1535,Trust (1990),3.7894736842105265
1536,"Truth About Cats & Dogs, The (1996)",3.4852941176470584
1537,"Truth or Consequences, N.M. (1997)",2.0
1538,Turbo: A Power Rangers Movie (1997),1.8
1539,Turbulence (1997),2.565217391304348
1540,"Turning, The (1992)",2.5
1541,Twelfth Night (1996),3.4137931034482767
1542,Twelve Monkeys (1995),3.798469387755102
1543,Twilight (1998),2.5
1544,Twin Town (1997),2.1666666666666665
1545,Twisted (1996),3.5
1546,Twister (1996),3.2150170648464163
1547,Two Bits (1995),2.2
1548,Two Deaths (1995),2.25
1549,Two Friends (1986) ,3.0
1550,Two Much (1996),2.4285714285714284
1551,Two if by Sea (1996),2.6
1552,Two or Three Things I Know About Her (1966),3.75
1553,U Turn (1997),3.359375
1554,U.S. Marshalls (1998),3.0
1555,Ulee's Gold (1997),3.760869565217391
1556,"Umbrellas of Cherbourg, The (Parapluies de Cherbourg, Les) (1964)",3.761904761904762
1557,"Unbearable Lightness of Being, The (1988)",3.4565217391304346
1558,Under Siege (1992),3.290322580645161
1559,Under Siege 2: Dark Territory (1995),2.458333333333333
1560,Underground (1995),2.8
1561,"Underneath, The (1995)",2.75
1562,Underworld (1997),2.5
1563,Unforgettable (1996),3.3235294117647056
1564,Unforgiven (1992),3.868131868131868
1565,Unhook the Stars (1996),2.5
1566,Unstrung Heroes (1995),3.3181818181818183
1567,Until the End of the World (Bis ans Ende der Welt) (1991),2.8260869565217392
1568,Unzipped (1995),3.5454545454545454
1569,Up Close and Personal (1996),3.1882352941176477
1570,Up in Smoke (1978),3.2553191489361697
1571,"Usual Suspects, The (1995)",4.3857677902621734
1572,Vampire in Brooklyn (1995),1.8333333333333333
1573,"Van, The (1996)",2.6666666666666665
1574,Vanya on 42nd Street (1994),3.592592592592593
1575,Vegas Vacation (1997),2.4
1576,Venice/Venice (1992),1.0
1577,Vermin (1998),2.0
1578,Vermont Is For Lovers (1992),1.0
1579,Vertigo (1958),4.251396648044691
1580,"Very Brady Sequel, A (1996)",2.3978494623655915
1581,"Very Natural Thing, A (1974)",1.0
1582,Victor/Victoria (1982),3.3376623376623376
1583,"Vie est belle, La (Life is Rosey) (1987)",1.0
1584,Village of the Damned (1995),2.6818181818181817
1585,Virtuosity (1995),2.736842105263158
1586,"Visitors, The (Visiteurs, Les) (1993)",3.5
1587,Volcano (1997),2.808219178082192
1588,Wag the Dog (1997),3.510948905109489
1589,Waiting for Guffman (1996),4.127659574468085
1590,Waiting to Exhale (1995),2.5
1591,"Walk in the Clouds, A (1995)",3.2857142857142856
1592,"Walk in the Sun, A (1945)",3.0
1593,Walkabout (1971),3.8461538461538463
1594,"Walking Dead, The (1995)",2.25
1595,Walking and Talking (1996),3.625
1596,Wallace & Gromit: The Best of Aardman Animation (1996),4.447761194029852
1597,"War Room, The (1993)",3.333333333333333
1598,"War at Home, The (1996)",2.0
1599,"War, The (1994)",3.2666666666666666
1600,Warriors of Virtue (1997),3.0
1601,Washington Square (1997),3.294117647058824
1602,Waterworld (1995),2.8039215686274512
1603,Wedding Bell Blues (1996),3.0
1604,"Wedding Gift, The (1994)",4.0
1605,"Wedding Singer, The (1998)",3.486111111111111
1606,Weekend at Bernie's (1989),2.6166666666666667
1607,Welcome To Sarajevo (1997),3.363636363636364
1608,Welcome to the Dollhouse (1995),3.7232142857142856
1609,Wend Kuuni (God's Gift) (1982),1.0
1610,Wes Craven's New Nightmare (1994),2.8
1611,What Happened Was... (1994),2.625
1612,What's Eating Gilbert Grape (1993),3.5391304347826087
1613,What's Love Got to Do with It (1993),3.488888888888889
1614,When Harry Met Sally... (1989),3.910344827586207
1615,When Night Is Falling (1995),3.4
1616,When We Were Kings (1996),4.045454545454546
1617,When a Man Loves a Woman (1994),3.4871794871794872
1618,When the Cats Away (Chacun cherche son chat) (1996),3.5625
1619,While You Were Sleeping (1995),3.5493827160493834
1620,"White Balloon, The (1995)",2.8
1621,White Man's Burden (1995),2.0
1622,White Squall (1996),3.4
1623,"Whole Wide World, The (1996)",4.0
1624,Widows' Peak (1994),3.5789473684210527
1625,"Wife, The (1995)",3.0
1626,Wild America (1997),2.888888888888889
1627,Wild Bill (1995),2.5
1628,"Wild Bunch, The (1969)",4.023255813953488
1629,Wild Reeds (1994),3.1428571428571432
1630,Wild Things (1998),2.727272727272727
1631,William Shakespeare's Romeo and Juliet (1996),3.5943396226415096
1632,Willy Wonka and the Chocolate Factory (1971),3.6319018404907975
1633,Window to Paris (1994),4.0
1634,Wings of Courage (1995),4.0
1635,Wings of Desire (1987),4.0
1636,"Wings of the Dove, The (1997)",3.68
1637,Winnie the Pooh and the Blustery Day (1968),3.8
1638,"Winter Guest, The (1997)",3.4444444444444446
1639,Wishmaster (1997),2.4444444444444446
1640,With Honors (1994),3.065217391304348
1641,Withnail and I (1987),3.2307692307692313
1642,Witness (1985),4.0
1643,"Wizard of Oz, The (1939)",4.077235772357724
1644,Wolf (1994),2.7014925373134333
1645,"Woman in Question, The (1950)",1.0
1646,"Women, The (1939)",3.6666666666666665
1647,"Wonderful, Horrible Life of Leni Riefenstahl, The (1993)",4.0
1648,Wonderland (1997),3.2
1649,"Wooden Man's Bride, The (Wu Kui) (1994)",2.6666666666666665
1650,"World of Apu, The (Apur Sansar) (1959)",4.0
1651,"Wrong Trousers, The (1993)",4.466101694915254
1652,Wyatt Earp (1994),3.1
1653,Yankee Zulu (1994),1.0
1654,Year of the Horse (1997),3.2857142857142856
1655,You So Crazy (1994),3.0
1656,Young Frankenstein (1974),3.945
1657,Young Guns (1988),3.207920792079208
1658,Young Guns II (1990),2.772727272727273
1659,"Young Poisoner's Handbook, The (1995)",3.3414634146341466
1660,Zeus and Roxanne (1997),2.1666666666666665
1661,unknown,3.4444444444444446
1662,Á köldum klaka (Cold Fever) (1994),3.0
